symbol,date,open,high,low,close,volume
AAPL,2021-01-04,172.00,172.78,171.40,172.18,2000000
AAPL,2021-01-05,172.18,173.94,171.23,172.99,2097123
AAPL,2021-01-06,172.99,175.72,171.69,174.42,2194246
AAPL,2021-01-07,174.42,176.50,172.77,174.85,2291369
AAPL,2021-01-08,174.85,177.90,172.85,175.90,2388492
AAPL,2021-01-11,175.90,178.16,175.30,177.56,2485615
AAPL,2021-01-12,177.56,179.16,176.61,178.21,2582738
AAPL,2021-01-13,178.21,180.77,176.91,179.47,2679861
AAPL,2021-01-14,179.47,182.98,177.82,181.33,2776984
AAPL,2021-01-15,181.33,184.17,179.33,182.17,2874107
AAPL,2021-01-18,182.17,184.20,181.57,183.60,2971230
AAPL,2021-01-19,183.60,186.56,182.65,185.61,3068353
AAPL,2021-01-20,185.61,187.89,184.31,186.59,3165476
AAPL,2021-01-21,186.59,189.79,184.94,188.14,3262599
AAPL,2021-01-22,188.14,192.26,186.14,190.26,3359722
AAPL,2021-01-25,190.26,191.93,189.66,191.33,3456845
AAPL,2021-01-26,191.33,193.91,190.38,192.96,3553968
AAPL,2021-01-27,192.96,196.43,191.66,195.13,3651091
AAPL,2021-01-28,195.13,197.89,193.48,196.24,3748214
AAPL,2021-01-29,196.24,199.88,194.24,197.88,3845337
AAPL,2021-02-01,197.88,200.65,197.28,200.05,3942460
AAPL,2021-02-02,200.05,202.08,199.10,201.13,4039583
AAPL,2021-02-03,201.13,204.04,199.83,202.74,4136706
AAPL,2021-02-04,202.74,206.50,201.09,204.85,4233829
AAPL,2021-02-05,204.85,207.85,202.85,205.85,4330952
AAPL,2021-02-08,205.85,207.96,205.25,207.36,4428075
AAPL,2021-02-09,207.36,210.31,206.41,209.36,4525198
AAPL,2021-02-10,209.36,211.52,208.06,210.22,4622321
AAPL,2021-02-11,210.22,213.22,208.57,211.57,4719444
AAPL,2021-02-12,211.57,215.40,209.57,213.40,4816567
AAPL,2021-02-15,213.40,214.68,212.80,214.08,4913690
AAPL,2021-02-16,214.08,216.18,213.13,215.23,5010813
AAPL,2021-02-17,215.23,218.13,213.93,216.83,5107936
AAPL,2021-02-18,216.83,218.93,215.18,217.28,5205059
AAPL,2021-02-19,217.28,220.17,215.28,218.17,5302182
AAPL,2021-02-22,218.17,220.11,217.57,219.51,5399305
AAPL,2021-02-23,219.51,220.63,218.56,219.68,5496428
AAPL,2021-02-24,219.68,221.58,218.38,220.28,5593551
AAPL,2021-02-25,220.28,222.97,218.63,221.32,5690674
AAPL,2021-02-26,221.32,223.32,219.17,221.17,5787797
AAPL,2021-03-01,221.17,222.06,220.57,221.46,5884920
AAPL,2021-03-02,221.46,223.12,220.51,222.17,5982043
AAPL,2021-03-03,222.17,223.47,220.39,221.69,6079166
AAPL,2021-03-04,221.69,223.34,219.98,221.63,6176289
AAPL,2021-03-05,221.63,223.99,219.63,221.99,6273412
AAPL,2021-03-08,221.99,222.59,220.56,221.16,6370535
AAPL,2021-03-09,221.16,222.11,219.80,220.75,6467658
AAPL,2021-03-10,220.75,222.06,219.45,220.76,6564781
AAPL,2021-03-11,220.76,222.41,217.92,219.57,6661904
AAPL,2021-03-12,219.57,221.57,216.81,218.81,6759027
AAPL,2021-03-15,218.81,219.41,217.87,218.47,6856150
AAPL,2021-03-16,218.47,219.42,215.99,216.94,6953273
AAPL,2021-03-17,216.94,218.24,214.54,215.84,7050396
AAPL,2021-03-18,215.84,217.49,213.52,215.17,7147519
AAPL,2021-03-19,215.17,217.17,211.31,213.31,7244642
AAPL,2021-03-22,213.31,213.91,211.29,211.89,7341765
AAPL,2021-03-23,211.89,212.84,209.96,210.91,7438888
AAPL,2021-03-24,210.91,212.21,207.46,208.76,7536011
AAPL,2021-03-25,208.76,210.41,205.40,207.05,7633134
AAPL,2021-03-26,207.05,209.05,203.80,205.80,7730257
AAPL,2021-03-29,205.80,206.40,202.79,203.39,7827380
AAPL,2021-03-30,203.39,204.34,200.49,201.44,7924503
AAPL,2021-03-31,201.44,202.74,198.67,199.97,8021626
AAPL,2021-04-01,199.97,201.62,195.70,197.35,8118749
AAPL,2021-04-02,197.35,199.35,193.21,195.21,8215872
AAPL,2021-04-05,195.21,195.81,192.96,193.56,8312995
AAPL,2021-04-06,193.56,194.51,189.84,190.79,8410118
AAPL,2021-04-07,190.79,192.09,187.21,188.51,8507241
AAPL,2021-04-08,188.51,190.16,185.10,186.75,8604364
AAPL,2021-04-09,186.75,188.75,181.88,183.88,8701487
AAPL,2021-04-12,183.88,184.48,180.94,181.54,8798610
AAPL,2021-04-13,181.54,182.49,178.78,179.73,8895733
AAPL,2021-04-14,179.73,181.03,175.53,176.83,8992856
AAPL,2021-04-15,176.83,178.48,172.83,174.48,2089979
AAPL,2021-04-16,174.48,176.48,170.68,172.68,2187102
AAPL,2021-04-19,172.68,173.28,169.22,169.82,2284225
AAPL,2021-04-20,169.82,170.77,166.58,167.53,2381348
AAPL,2021-04-21,167.53,168.83,164.52,165.82,2478471
AAPL,2021-04-22,165.82,167.47,161.41,163.06,2575594
AAPL,2021-04-23,163.06,165.06,158.90,160.90,2672717
AAPL,2021-04-26,160.90,161.50,158.73,159.33,2769840
AAPL,2021-04-27,159.33,160.28,155.79,156.74,2866963
AAPL,2021-04-28,156.74,158.04,153.46,154.76,2964086
AAPL,2021-04-29,154.76,156.41,151.74,153.39,3061209
AAPL,2021-04-30,153.39,155.39,149.03,151.03,3158332
AAPL,2021-05-03,151.03,151.63,148.69,149.29,3255455
AAPL,2021-05-04,149.29,150.24,147.24,148.19,3352578
AAPL,2021-05-05,148.19,149.49,144.80,146.10,3449701
AAPL,2021-05-06,146.10,147.75,143.01,144.66,3546824
AAPL,2021-05-07,144.66,146.66,141.86,143.86,3643947
AAPL,2021-05-10,143.86,144.46,141.49,142.09,3741070
AAPL,2021-05-11,142.09,143.04,140.03,140.98,3838193
AAPL,2021-05-12,140.98,142.28,139.23,140.53,3935316
AAPL,2021-05-13,140.53,142.18,137.47,139.12,4032439
AAPL,2021-05-14,139.12,141.12,136.37,138.37,4129562
AAPL,2021-05-17,138.37,138.97,137.69,138.29,4226685
AAPL,2021-05-18,138.29,139.24,136.31,137.26,4323808
AAPL,2021-05-19,137.26,138.56,135.60,136.90,4420931
AAPL,2021-05-20,136.90,138.85,135.25,137.20,4518054
AAPL,2021-05-21,137.20,139.20,134.56,136.56,4615177
AAPL,2021-05-24,136.56,137.19,135.96,136.59,4712300
AAPL,2021-05-25,136.59,138.24,135.64,137.29,4809423
AAPL,2021-05-26,137.29,138.59,135.74,137.04,4906546
AAPL,2021-05-27,137.04,139.10,135.39,137.45,5003669
AAPL,2021-05-28,137.45,140.54,135.45,138.54,5100792
AAPL,2021-05-31,138.54,139.26,137.94,138.66,5197915
AAPL,2021-06-01,138.66,140.40,137.71,139.45,5295038
AAPL,2021-06-02,139.45,142.20,138.15,140.90,5392161
AAPL,2021-06-03,140.90,143.03,139.25,141.38,5489284
AAPL,2021-06-04,141.38,144.51,139.38,142.51,5586407
AAPL,2021-06-07,142.51,144.89,141.91,144.29,5683530
AAPL,2021-06-08,144.29,146.04,143.34,145.09,5780653
AAPL,2021-06-09,145.09,147.83,143.79,146.53,5877776
AAPL,2021-06-10,146.53,150.25,144.88,148.60,5974899
AAPL,2021-06-11,148.60,151.67,146.60,149.67,6072022
AAPL,2021-06-14,149.67,151.97,149.07,151.37,6169145
AAPL,2021-06-15,151.37,154.63,150.42,153.68,6266268
AAPL,2021-06-16,153.68,156.28,152.38,154.98,6363391
AAPL,2021-06-17,154.98,158.52,153.33,156.87,6460514
AAPL,2021-06-18,156.87,161.36,154.87,159.36,6557637
AAPL,2021-06-21,159.36,161.42,158.76,160.82,6654760
AAPL,2021-06-22,160.82,163.81,159.87,162.86,6751883
AAPL,2021-06-23,162.86,166.77,161.56,165.47,6849006
AAPL,2021-06-24,165.47,168.67,163.82,167.02,6946129
AAPL,2021-06-25,167.02,171.13,165.02,169.13,7043252
AAPL,2021-06-28,169.13,172.39,168.53,171.79,7140375
AAPL,2021-06-29,171.79,174.32,170.84,173.37,7237498
AAPL,2021-06-30,173.37,176.78,172.07,175.48,7334621
AAPL,2021-07-01,175.48,179.77,173.83,178.12,7431744
AAPL,2021-07-02,178.12,181.65,176.12,179.65,7528867
AAPL,2021-07-05,179.65,182.30,179.05,181.70,7625990
AAPL,2021-07-06,181.70,185.20,180.75,184.25,7723113
AAPL,2021-07-07,184.25,186.98,182.95,185.68,7820236
AAPL,2021-07-08,185.68,189.25,184.03,187.60,7917359
AAPL,2021-07-09,187.60,191.99,185.60,189.99,8014482
AAPL,2021-07-12,189.99,191.85,189.39,191.25,8111605
AAPL,2021-07-13,191.25,193.92,190.30,192.97,8208728
AAPL,2021-07-14,192.97,196.45,191.67,195.15,8305851
AAPL,2021-07-15,195.15,197.82,193.50,196.17,8402974
AAPL,2021-07-16,196.17,199.63,194.17,197.63,8500097
AAPL,2021-07-19,197.63,200.15,197.03,199.55,8597220
AAPL,2021-07-20,199.55,201.23,198.60,200.28,8694343
AAPL,2021-07-21,200.28,202.75,198.98,201.45,8791466
AAPL,2021-07-22,201.45,204.70,199.80,203.05,8888589
AAPL,2021-07-23,203.05,205.45,201.05,203.45,8985712
AAPL,2021-07-26,203.45,204.88,202.85,204.28,2082835
AAPL,2021-07-27,204.28,206.47,203.33,205.52,2179958
AAPL,2021-07-28,205.52,206.87,204.22,205.57,2277081
AAPL,2021-07-29,205.57,207.68,203.92,206.03,2374204
AAPL,2021-07-30,206.03,208.90,204.03,206.90,2471327
AAPL,2021-08-02,206.90,207.50,205.96,206.56,2568450
AAPL,2021-08-03,206.56,207.58,205.61,206.63,2665573
AAPL,2021-08-04,206.63,208.41,205.33,207.11,2762696
AAPL,2021-08-05,207.11,208.76,204.73,206.38,2859819
AAPL,2021-08-06,206.38,208.38,204.06,206.06,2956942
AAPL,2021-08-09,206.06,206.75,205.46,206.15,3054065
AAPL,2021-08-10,206.15,207.10,204.08,205.03,3151188
AAPL,2021-08-11,205.03,206.33,203.03,204.33,3248311
AAPL,2021-08-12,204.33,205.98,202.39,204.04,3345434
AAPL,2021-08-13,204.04,206.04,200.54,202.54,3442557
AAPL,2021-08-16,202.54,203.14,200.87,201.47,3539680
AAPL,2021-08-17,201.47,202.42,199.87,200.82,3636803
AAPL,2021-08-18,200.82,202.12,197.68,198.98,3733926
AAPL,2021-08-19,198.98,200.63,195.92,197.57,3831049
AAPL,2021-08-20,197.57,199.57,194.60,196.60,3928172
AAPL,2021-08-23,196.60,197.20,193.84,194.44,4025295
AAPL,2021-08-24,194.44,195.39,191.79,192.74,4122418
AAPL,2021-08-25,192.74,194.04,190.18,191.48,4219541
AAPL,2021-08-26,191.48,193.13,187.41,189.06,4316664
AAPL,2021-08-27,189.06,191.06,185.11,187.11,4413787
AAPL,2021-08-30,187.11,187.71,185.02,185.62,4510910
AAPL,2021-08-31,185.62,186.57,182.04,182.99,4608033
AAPL,2021-09-01,182.99,184.29,179.54,180.84,4705156
AAPL,2021-09-02,180.84,182.49,177.53,179.18,4802279
AAPL,2021-09-03,179.18,181.18,174.40,176.40,4899402
AAPL,2021-09-06,176.40,177.00,173.51,174.11,4996525
AAPL,2021-09-07,174.11,175.06,171.39,172.34,5093648
AAPL,2021-09-08,172.34,173.64,168.17,169.47,5190771
AAPL,2021-09-09,169.47,171.12,165.48,167.13,5287894
AAPL,2021-09-10,167.13,169.13,163.31,165.31,5385017
AAPL,2021-09-13,165.31,165.91,161.82,162.42,5482140
AAPL,2021-09-14,162.42,163.37,159.12,160.07,5579263
AAPL,2021-09-15,160.07,161.37,156.97,158.27,5676386
AAPL,2021-09-16,158.27,159.92,153.77,155.42,5773509
AAPL,2021-09-17,155.42,157.42,151.14,153.14,5870632
AAPL,2021-09-20,153.14,153.74,150.83,151.43,5967755
AAPL,2021-09-21,151.43,152.38,147.74,148.69,6064878
AAPL,2021-09-22,148.69,149.99,145.23,146.53,6162001
AAPL,2021-09-23,146.53,148.18,143.32,144.97,6259124
AAPL,2021-09-24,144.97,146.97,140.39,142.39,6356247
AAPL,2021-09-27,142.39,142.99,139.82,140.42,6453370
AAPL,2021-09-28,140.42,141.37,138.12,139.07,6550493
AAPL,2021-09-29,139.07,140.37,135.41,136.71,6647616
AAPL,2021-09-30,136.71,138.36,133.33,134.98,6744739
AAPL,2021-10-01,134.98,136.98,131.87,133.87,6841862
AAPL,2021-10-04,133.87,134.47,131.18,131.78,6938985
AAPL,2021-10-05,131.78,132.73,129.38,130.33,7036108
AAPL,2021-10-06,130.33,131.63,128.22,129.52,7133231
AAPL,2021-10-07,129.52,131.17,126.08,127.73,7230354
AAPL,2021-10-08,127.73,129.73,124.59,126.59,7327477
AAPL,2021-10-11,126.59,127.19,125.50,126.10,7424600
AAPL,2021-10-12,126.10,127.05,123.70,124.65,7521723
AAPL,2021-10-13,124.65,125.95,122.55,123.85,7618846
AAPL,2021-10-14,123.85,125.50,122.05,123.70,7715969
AAPL,2021-10-15,123.70,125.70,120.60,122.60,7813092
AAPL,2021-10-18,122.60,123.20,121.55,122.15,7910215
AAPL,2021-10-19,122.15,123.31,121.20,122.36,8007338
AAPL,2021-10-20,122.36,123.66,120.30,121.60,8104461
AAPL,2021-10-21,121.60,123.25,119.86,121.51,8201584
AAPL,2021-10-22,121.51,124.07,119.51,122.07,8298707
AAPL,2021-10-25,122.07,122.67,121.06,121.66,8395830
AAPL,2021-10-26,121.66,122.86,120.71,121.91,8492953
AAPL,2021-10-27,121.91,124.10,120.61,122.80,8590076
AAPL,2021-10-28,122.80,124.45,121.08,122.73,8687199
AAPL,2021-10-29,122.73,125.30,120.73,123.30,8784322
AAPL,2021-11-01,123.30,125.11,122.70,124.51,8881445
AAPL,2021-11-02,124.51,125.69,123.56,124.74,8978568
AAPL,2021-11-03,124.74,126.91,123.44,125.61,2075691
AAPL,2021-11-04,125.61,128.75,123.96,127.10,2172814
AAPL,2021-11-05,127.10,129.60,125.10,127.60,2269937
AAPL,2021-11-08,127.60,129.32,127.00,128.72,2367060
AAPL,2021-11-09,128.72,131.41,127.77,130.46,2464183
AAPL,2021-11-10,130.46,132.48,129.16,131.18,2561306
AAPL,2021-11-11,131.18,134.16,129.53,132.51,2658429
AAPL,2021-11-12,132.51,136.44,130.51,134.44,2755552
AAPL,2021-11-15,134.44,135.95,133.84,135.35,2852675
AAPL,2021-11-16,135.35,137.79,134.40,136.84,2949798
AAPL,2021-11-17,136.84,140.21,135.54,138.91,3046921
AAPL,2021-11-18,138.91,141.58,137.26,139.93,3144044
AAPL,2021-11-19,139.93,143.53,137.93,141.53,3241167
AAPL,2021-11-22,141.53,144.28,140.93,143.68,3338290
AAPL,2021-11-23,143.68,145.72,142.73,144.77,3435413
AAPL,2021-11-24,144.77,147.71,143.47,146.41,3532536
AAPL,2021-11-25,146.41,150.25,144.76,148.60,3629659
AAPL,2021-11-26,148.60,151.70,146.60,149.70,3726782
AAPL,2021-11-29,149.70,151.93,149.10,151.33,3823905
AAPL,2021-11-30,151.33,154.43,150.38,153.48,3921028
AAPL,2021-12-01,153.48,155.83,152.18,154.53,4018151
AAPL,2021-12-02,154.53,157.74,152.88,156.09,4115274
AAPL,2021-12-03,156.09,160.16,154.09,158.16,4212397
AAPL,2021-12-06,158.16,159.71,157.56,159.11,4309520
AAPL,2021-12-07,159.11,161.51,158.16,160.56,4406643
AAPL,2021-12-08,160.56,163.79,159.26,162.49,4503766
AAPL,2021-12-09,162.49,164.94,160.84,163.29,4600889
AAPL,2021-12-10,163.29,166.57,161.29,164.57,4698012
AAPL,2021-12-13,164.57,166.93,163.97,166.33,4795135
AAPL,2021-12-14,166.33,167.88,165.38,166.93,4892258
AAPL,2021-12-15,166.93,169.30,165.63,168.00,4989381
AAPL,2021-12-16,168.00,171.19,166.35,169.54,5086504
AAPL,2021-12-17,169.54,171.92,167.54,169.92,5183627
AAPL,2021-12-20,169.92,171.35,169.32,170.75,5280750
AAPL,2021-12-21,170.75,172.99,169.80,172.04,5377873
AAPL,2021-12-22,172.04,173.46,170.74,172.16,5474996
AAPL,2021-12-23,172.16,174.38,170.51,172.73,5572119
AAPL,2021-12-24,172.73,175.75,170.73,173.75,5669242
AAPL,2021-12-27,173.75,174.35,173.00,173.60,5766365
AAPL,2021-12-28,173.60,174.84,172.65,173.89,5863488
AAPL,2021-12-29,173.89,175.93,172.59,174.63,5960611
AAPL,2021-12-30,174.63,176.28,172.54,174.19,6057734
AAPL,2021-12-31,174.19,176.20,172.19,174.20,6154857
AAPL,2022-01-03,174.20,175.25,173.60,174.65,6251980
AAPL,2022-01-04,174.65,175.60,172.99,173.94,6349103
AAPL,2022-01-05,173.94,175.24,172.36,173.66,6446226
AAPL,2022-01-06,173.66,175.49,172.01,173.84,6543349
AAPL,2022-01-07,173.84,175.84,170.85,172.85,6640472
AAPL,2022-01-10,172.85,173.45,171.71,172.31,6737595
AAPL,2022-01-11,172.31,173.26,171.28,172.23,6834718
AAPL,2022-01-12,172.23,173.53,169.68,170.98,6931841
AAPL,2022-01-13,170.98,172.63,168.55,170.20,7028964
AAPL,2022-01-14,170.20,172.20,167.88,169.88,7126087
AAPL,2022-01-17,169.88,170.48,167.81,168.41,7223210
AAPL,2022-01-18,168.41,169.36,166.46,167.41,7320333
AAPL,2022-01-19,167.41,168.71,165.58,166.88,7417456
AAPL,2022-01-20,166.88,168.53,163.57,165.22,7514579
AAPL,2022-01-21,165.22,167.22,162.03,164.03,7611702
AAPL,2022-01-24,164.03,164.63,162.74,163.34,7708825
AAPL,2022-01-25,163.34,164.29,160.57,161.52,7805948
AAPL,2022-01-26,161.52,162.82,158.89,160.19,7903071
AAPL,2022-01-27,160.19,161.84,157.72,159.37,8000194
AAPL,2022-01-28,159.37,161.37,155.44,157.44,8097317
AAPL,2022-01-31,157.44,158.04,155.41,156.01,8194440
AAPL,2022-02-01,156.01,156.96,154.16,155.11,8291563
AAPL,2022-02-02,155.11,156.41,151.81,153.11,8388686
AAPL,2022-02-03,153.11,154.76,149.98,151.63,8485809
AAPL,2022-02-04,151.63,153.63,148.69,150.69,8582932
AAPL,2022-02-07,150.69,151.29,148.06,148.66,8680055
AAPL,2022-02-08,148.66,149.61,146.22,147.17,8777178
AAPL,2022-02-09,147.17,148.47,144.94,146.24,8874301
AAPL,2022-02-10,146.24,147.89,142.58,144.23,8971424
AAPL,2022-02-11,144.23,146.23,140.78,142.78,2068547
AAPL,2022-02-14,142.78,143.38,141.30,141.90,2165670
AAPL,2022-02-15,141.90,142.85,139.00,139.95,2262793
AAPL,2022-02-16,139.95,141.25,137.28,138.58,2359916
AAPL,2022-02-17,138.58,140.23,136.13,137.78,2457039
AAPL,2022-02-18,137.78,139.78,133.94,135.94,2554162
AAPL,2022-02-21,135.94,136.54,134.09,134.69,2651285
AAPL,2022-02-22,134.69,135.64,133.06,134.01,2748408
AAPL,2022-02-23,134.01,135.31,131.01,132.31,2845531
AAPL,2022-02-24,132.31,133.96,129.54,131.19,2942654
AAPL,2022-02-25,131.19,133.19,128.68,130.68,3039777
AAPL,2022-02-28,130.68,131.28,128.53,129.13,3136900
AAPL,2022-03-01,129.13,130.08,127.24,128.19,3234023
AAPL,2022-03-02,128.19,129.49,126.55,127.85,3331146
AAPL,2022-03-03,127.85,129.50,124.83,126.48,3428269
AAPL,2022-03-04,126.48,128.48,123.73,125.73,3525392
AAPL,2022-03-07,125.73,126.33,124.98,125.58,3622515
AAPL,2022-03-08,125.58,126.53,123.46,124.41,3719638
AAPL,2022-03-09,124.41,125.71,122.55,123.85,3816761
AAPL,2022-03-10,123.85,125.55,122.20,123.90,3913884
AAPL,2022-03-11,123.90,125.90,120.94,122.94,4011007
AAPL,2022-03-14,122.94,123.54,121.98,122.58,4108130
AAPL,2022-03-15,122.58,123.77,121.63,122.82,4205253
AAPL,2022-03-16,122.82,124.12,120.76,122.06,4302376
AAPL,2022-03-17,122.06,123.71,120.25,121.90,4399499
AAPL,2022-03-18,121.90,124.34,119.90,122.34,4496622
AAPL,2022-03-21,122.34,122.94,121.16,121.76,4593745
AAPL,2022-03-22,121.76,122.73,120.81,121.78,4690868
AAPL,2022-03-23,121.78,123.70,120.48,122.40,4787991
AAPL,2022-03-24,122.40,124.05,120.34,121.99,4885114
AAPL,2022-03-25,121.99,124.18,119.99,122.18,4982237
AAPL,2022-03-28,122.18,123.55,121.58,122.95,5079360
AAPL,2022-03-29,122.95,123.90,121.75,122.70,5176483
AAPL,2022-03-30,122.70,124.32,121.40,123.02,5273606
AAPL,2022-03-31,123.02,125.58,121.37,123.93,5370729
AAPL,2022-04-01,123.93,125.93,121.80,123.80,5467852
AAPL,2022-04-04,123.80,124.84,123.20,124.24,5564975
AAPL,2022-04-05,124.24,126.20,123.29,125.25,5662098
AAPL,2022-04-06,125.25,126.55,123.91,125.21,5759221
AAPL,2022-04-07,125.21,127.38,123.56,125.73,5856344
AAPL,2022-04-08,125.73,128.81,123.73,126.81,5953467
AAPL,2022-04-11,126.81,127.43,126.21,126.83,6050590
AAPL,2022-04-12,126.83,128.35,125.88,127.40,6147713
AAPL,2022-04-13,127.40,129.82,126.10,128.52,6244836
AAPL,2022-04-14,128.52,130.22,126.87,128.57,6341959
AAPL,2022-04-15,128.57,131.15,126.57,129.15,6439082
AAPL,2022-04-18,129.15,130.88,128.55,130.28,6536205
AAPL,2022-04-19,130.28,131.26,129.33,130.31,6633328
AAPL,2022-04-20,130.31,132.18,129.01,130.88,6730451
AAPL,2022-04-21,130.88,133.62,129.23,131.97,6827574
AAPL,2022-04-22,131.97,133.97,129.97,131.97,6924697
AAPL,2022-04-25,131.97,133.09,131.37,132.49,7021820
AAPL,2022-04-26,132.49,134.47,131.54,133.52,7118943
AAPL,2022-04-27,133.52,134.82,132.15,133.45,7216066
AAPL,2022-04-28,133.45,135.54,131.80,133.89,7313189
AAPL,2022-04-29,133.89,136.84,131.89,134.84,7410312
AAPL,2022-05-02,134.84,135.44,134.08,134.68,7507435
AAPL,2022-05-03,134.68,135.97,133.73,135.02,7604558
AAPL,2022-05-04,135.02,137.16,133.72,135.86,7701681
AAPL,2022-05-05,135.86,137.51,133.93,135.58,7798804
AAPL,2022-05-06,135.58,137.81,133.58,135.81,7895927
AAPL,2022-05-09,135.81,137.13,135.21,136.53,7993050
AAPL,2022-05-10,136.53,137.48,135.17,136.12,8090173
AAPL,2022-05-11,136.12,137.51,134.82,136.21,8187296
AAPL,2022-05-12,136.21,138.45,134.56,136.80,8284419
AAPL,2022-05-13,136.80,138.80,134.26,136.26,8381542
AAPL,2022-05-16,136.26,136.86,135.62,136.22,8478665
AAPL,2022-05-17,136.22,137.62,135.27,136.67,8575788
AAPL,2022-05-18,136.67,137.97,134.69,135.99,8672911
AAPL,2022-05-19,135.99,137.64,134.16,135.81,8770034
AAPL,2022-05-20,135.81,138.13,133.81,136.13,8867157
AAPL,2022-05-23,136.13,136.73,134.72,135.32,8964280
AAPL,2022-05-24,135.32,136.27,134.06,135.01,2061403
AAPL,2022-05-25,135.01,136.50,133.71,135.20,2158526
AAPL,2022-05-26,135.20,136.85,132.62,134.27,2255649
AAPL,2022-05-27,134.27,136.27,131.84,133.84,2352772
AAPL,2022-05-30,133.84,134.52,133.24,133.92,2449895
AAPL,2022-05-31,133.92,134.87,131.94,132.89,2547018
AAPL,2022-06-01,132.89,134.19,131.06,132.36,2644141
AAPL,2022-06-02,132.36,134.01,130.70,132.35,2741264
AAPL,2022-06-03,132.35,134.35,129.23,131.23,2838387
AAPL,2022-06-06,131.23,131.83,130.02,130.62,2935510
AAPL,2022-06-07,130.62,131.57,129.59,130.54,3032633
AAPL,2022-06-08,130.54,131.84,128.06,129.36,3129756
AAPL,2022-06-09,129.36,131.01,127.06,128.71,3226879
AAPL,2022-06-10,128.71,130.71,126.58,128.58,3324002
AAPL,2022-06-13,128.58,129.18,126.77,127.37,3421125
AAPL,2022-06-14,127.37,128.32,125.74,126.69,3518248
AAPL,2022-06-15,126.69,127.99,125.25,126.55,3615371
AAPL,2022-06-16,126.55,128.20,123.68,125.33,3712494
AAPL,2022-06-17,125.33,127.33,122.66,124.66,3809617
AAPL,2022-06-20,124.66,125.26,123.93,124.53,3906740
AAPL,2022-06-21,124.53,125.48,122.39,123.34,4003863
AAPL,2022-06-22,123.34,124.64,121.40,122.70,4100986
AAPL,2022-06-23,122.70,124.35,120.96,122.61,4198109
AAPL,2022-06-24,122.61,124.61,119.47,121.47,4295232
AAPL,2022-06-27,121.47,122.07,120.29,120.89,4392355
AAPL,2022-06-28,120.89,121.84,119.93,120.88,4489478
AAPL,2022-06-29,120.88,122.18,118.51,119.81,4586601
AAPL,2022-06-30,119.81,121.46,117.67,119.32,4683724
AAPL,2022-07-01,119.32,121.40,117.32,119.40,4780847
AAPL,2022-07-04,119.40,120.00,117.83,118.43,4877970
AAPL,2022-07-05,118.43,119.38,117.09,118.04,4975093
AAPL,2022-07-06,118.04,119.53,116.74,118.23,5072216
AAPL,2022-07-07,118.23,119.88,115.73,117.38,5169339
AAPL,2022-07-08,117.38,119.38,115.12,117.12,5266462
AAPL,2022-07-11,117.12,118.03,116.52,117.43,5363585
AAPL,2022-07-12,117.43,118.38,115.76,116.71,5460708
AAPL,2022-07-13,116.71,118.01,115.28,116.58,5557831
AAPL,2022-07-14,116.58,118.68,114.93,117.03,5654954
AAPL,2022-07-15,117.03,119.03,114.45,116.45,5752077
AAPL,2022-07-18,116.45,117.05,115.85,116.45,5849200
AAPL,2022-07-19,116.45,117.99,115.50,117.04,5946323
AAPL,2022-07-20,117.04,118.34,115.29,116.59,6043446
AAPL,2022-07-21,116.59,118.37,114.94,116.72,6140569
AAPL,2022-07-22,116.72,119.45,114.72,117.45,6237692
AAPL,2022-07-25,117.45,118.05,116.53,117.13,6334815
AAPL,2022-07-26,117.13,118.34,116.18,117.39,6431938
AAPL,2022-07-27,117.39,119.54,116.09,118.24,6529061
AAPL,2022-07-28,118.24,119.89,116.39,118.04,6626184
AAPL,2022-07-29,118.04,120.41,116.04,118.41,6723307
AAPL,2022-08-01,118.41,119.96,117.81,119.36,6820430
AAPL,2022-08-02,119.36,120.31,118.31,119.26,6917553
AAPL,2022-08-03,119.26,121.03,117.96,119.73,7014676
AAPL,2022-08-04,119.73,122.42,118.08,120.77,7111799
AAPL,2022-08-05,120.77,122.77,118.75,120.75,7208922
AAPL,2022-08-08,120.75,121.88,120.15,121.28,7306045
AAPL,2022-08-09,121.28,123.33,120.33,122.38,7403168
AAPL,2022-08-10,122.38,123.71,121.08,122.41,7500291
AAPL,2022-08-11,122.41,124.63,120.76,122.98,7597414
AAPL,2022-08-12,122.98,126.11,120.98,124.11,7694537
MSFT,2021-01-04,328.00,329.96,327.05,329.01,2137531
MSFT,2021-01-05,329.01,332.10,327.71,330.80,2234654
MSFT,2021-01-06,330.80,334.99,329.15,333.34,2331777
MSFT,2021-01-07,333.34,337.03,331.34,335.03,2428900
MSFT,2021-01-08,335.03,338.06,334.43,337.46,2526023
MSFT,2021-01-11,337.46,339.97,336.51,339.02,2623146
MSFT,2021-01-12,339.02,342.62,337.72,341.32,2720269
MSFT,2021-01-13,341.32,344.39,339.67,342.74,2817392
MSFT,2021-01-14,342.74,346.87,340.74,344.87,2914515
MSFT,2021-01-15,344.87,346.71,344.27,346.11,3011638
MSFT,2021-01-18,346.11,349.01,345.16,348.06,3108761
MSFT,2021-01-19,348.06,352.01,346.76,350.71,3205884
MSFT,2021-01-20,350.71,354.09,349.06,352.44,3303007
MSFT,2021-01-21,352.44,356.86,350.44,354.86,3400130
MSFT,2021-01-22,354.86,356.95,354.26,356.35,3497253
MSFT,2021-01-25,356.35,359.47,355.40,358.52,3594376
MSFT,2021-01-26,358.52,361.03,357.22,359.73,3691499
MSFT,2021-01-27,359.73,363.27,358.08,361.62,3788622
MSFT,2021-01-28,361.62,364.54,359.62,362.54,3885745
MSFT,2021-01-29,362.54,364.72,361.94,364.12,3982868
MSFT,2021-02-01,364.12,367.29,363.17,366.34,4079991
MSFT,2021-02-02,366.34,368.89,365.04,367.59,4177114
MSFT,2021-02-03,367.59,371.12,365.94,369.47,4274237
MSFT,2021-02-04,369.47,372.36,367.47,370.36,4371360
MSFT,2021-02-05,370.36,372.49,369.76,371.89,4468483
MSFT,2021-02-08,371.89,373.36,370.94,372.41,4565606
MSFT,2021-02-09,372.41,374.85,371.11,373.55,4662729
MSFT,2021-02-10,373.55,375.33,371.90,373.68,4759852
MSFT,2021-02-11,373.68,376.43,371.68,374.43,4856975
MSFT,2021-02-12,374.43,376.38,373.83,375.78,4954098
MSFT,2021-02-15,375.78,377.07,374.83,376.12,5051221
MSFT,2021-02-16,376.12,378.36,374.82,377.06,5148344
MSFT,2021-02-17,377.06,378.71,375.33,376.98,5245467
MSFT,2021-02-18,376.98,379.50,374.98,377.50,5342590
MSFT,2021-02-19,377.50,378.10,376.40,377.00,5439713
MSFT,2021-02-22,377.00,378.05,376.05,377.10,5536836
MSFT,2021-02-23,377.10,378.40,374.87,376.17,5633959
MSFT,2021-02-24,376.17,377.82,374.18,375.83,5731082
MSFT,2021-02-25,375.83,378.10,373.83,376.10,5828205
MSFT,2021-02-26,376.10,376.70,374.74,375.34,5925328
MSFT,2021-03-01,375.34,376.29,374.24,375.19,6022451
MSFT,2021-03-02,375.19,376.49,372.71,374.01,6119574
MSFT,2021-03-03,374.01,375.66,371.79,373.44,6216697
MSFT,2021-03-04,373.44,375.44,369.86,371.86,6313820
MSFT,2021-03-05,371.86,372.46,370.28,370.88,6410943
MSFT,2021-03-08,370.88,371.83,367.95,368.90,6508066
MSFT,2021-03-09,368.90,370.20,366.23,367.53,6605189
MSFT,2021-03-10,367.53,369.18,365.14,366.79,6702312
MSFT,2021-03-11,366.79,368.79,363.05,365.05,6799435
MSFT,2021-03-12,365.05,365.65,363.34,363.94,6896558
MSFT,2021-03-15,363.94,364.89,360.90,361.85,6993681
MSFT,2021-03-16,361.85,363.15,359.10,360.40,7090804
MSFT,2021-03-17,360.40,362.05,356.32,357.97,7187927
MSFT,2021-03-18,357.97,359.97,354.20,356.20,7285050
MSFT,2021-03-19,356.20,356.80,352.87,353.47,7382173
MSFT,2021-03-22,353.47,354.42,350.46,351.41,7479296
MSFT,2021-03-23,351.41,352.71,348.72,350.02,7576419
MSFT,2021-03-24,350.02,351.67,346.03,347.68,7673542
MSFT,2021-03-25,347.68,349.68,344.04,346.04,7770665
MSFT,2021-03-26,346.04,346.64,342.87,343.47,7867788
MSFT,2021-03-29,343.47,344.42,340.65,341.60,7964911
MSFT,2021-03-30,341.60,342.90,337.52,338.82,8062034
MSFT,2021-03-31,338.82,340.47,335.11,336.76,8159157
MSFT,2021-04-01,336.76,338.76,331.80,333.80,8256280
MSFT,2021-04-02,333.80,334.40,330.98,331.58,8353403
MSFT,2021-04-05,331.58,332.53,329.14,330.09,8450526
MSFT,2021-04-06,330.09,331.39,326.43,327.73,8547649
MSFT,2021-04-07,327.73,329.38,324.48,326.13,8644772
MSFT,2021-04-08,326.13,328.13,321.67,323.67,8741895
MSFT,2021-04-09,323.67,324.27,321.37,321.97,8839018
MSFT,2021-04-12,321.97,322.92,318.48,319.43,8936141
MSFT,2021-04-13,319.43,320.73,316.38,317.68,2033264
MSFT,2021-04-14,317.68,319.33,313.44,315.09,2130387
MSFT,2021-04-15,315.09,317.09,311.30,313.30,2227510
MSFT,2021-04-16,313.30,313.90,311.71,312.31,2324633
MSFT,2021-04-19,312.31,313.26,309.56,310.51,2421756
MSFT,2021-04-20,310.51,311.81,308.22,309.52,2518879
MSFT,2021-04-21,309.52,311.17,306.08,307.73,2616002
MSFT,2021-04-22,307.73,309.73,304.77,306.77,2713125
MSFT,2021-04-23,306.77,307.37,304.41,305.01,2810248
MSFT,2021-04-26,305.01,305.96,303.14,304.09,2907371
MSFT,2021-04-27,304.09,305.39,301.08,302.38,3004494
MSFT,2021-04-28,302.38,304.03,299.86,301.51,3101617
MSFT,2021-04-29,301.51,303.51,299.48,301.48,3198740
MSFT,2021-04-30,301.48,302.08,300.08,300.68,3295863
MSFT,2021-05-03,300.68,301.68,299.73,300.73,3392986
MSFT,2021-05-04,300.73,302.03,298.71,300.01,3490109
MSFT,2021-05-05,300.01,301.79,298.36,300.14,3587232
MSFT,2021-05-06,300.14,302.14,297.50,299.50,3684355
MSFT,2021-05-07,299.50,300.31,298.90,299.71,3781478
MSFT,2021-05-10,299.71,300.66,298.20,299.15,3878601
MSFT,2021-05-11,299.15,300.75,297.85,299.45,3975724
MSFT,2021-05-12,299.45,302.25,297.80,300.60,4072847
MSFT,2021-05-13,300.60,302.97,298.60,300.97,4169970
MSFT,2021-05-14,300.97,302.80,300.37,302.20,4267093
MSFT,2021-05-17,302.20,303.60,301.25,302.65,4364216
MSFT,2021-05-18,302.65,305.24,301.35,303.94,4461339
MSFT,2021-05-19,303.94,306.10,302.29,304.45,4558462
MSFT,2021-05-20,304.45,307.80,302.45,305.80,4655585
MSFT,2021-05-21,305.80,306.96,305.20,306.36,4752708
MSFT,2021-05-24,306.36,308.70,305.41,307.75,4849831
MSFT,2021-05-25,307.75,311.26,306.45,309.96,4946954
MSFT,2021-05-26,309.96,313.02,308.31,311.37,5044077
MSFT,2021-05-27,311.37,315.59,309.37,313.59,5141200
MSFT,2021-05-28,313.59,315.60,312.99,315.00,5238323
MSFT,2021-05-31,315.00,318.16,314.05,317.21,5335446
MSFT,2021-06-01,317.21,319.89,315.91,318.59,5432569
MSFT,2021-06-02,318.59,322.42,316.94,320.77,5529692
MSFT,2021-06-03,320.77,324.10,318.77,322.10,5626815
MSFT,2021-06-04,322.10,324.81,321.50,324.21,5723938
MSFT,2021-06-07,324.21,328.04,323.26,327.09,5821061
MSFT,2021-06-08,327.09,330.41,325.79,329.11,5918184
MSFT,2021-06-09,329.11,333.53,327.46,331.88,6015307
MSFT,2021-06-10,331.88,335.78,329.88,333.78,6112430
MSFT,2021-06-11,333.78,337.01,333.18,336.41,6209553
MSFT,2021-06-14,336.41,339.11,335.46,338.16,6306676
MSFT,2021-06-15,338.16,341.92,336.86,340.62,6403799
MSFT,2021-06-16,340.62,343.84,338.97,342.19,6500922
MSFT,2021-06-17,342.19,346.45,340.19,344.45,6598045
MSFT,2021-06-18,344.45,348.02,343.85,347.42,6695168
MSFT,2021-06-21,347.42,350.41,346.47,349.46,6792291
MSFT,2021-06-22,349.46,353.49,348.16,352.19,6889414
MSFT,2021-06-23,352.19,355.62,350.54,353.97,6986537
MSFT,2021-06-24,353.97,358.43,351.97,356.43,7083660
MSFT,2021-06-25,356.43,358.52,355.83,357.92,7180783
MSFT,2021-06-28,357.92,361.03,356.97,360.08,7277906
MSFT,2021-06-29,360.08,362.56,358.78,361.26,7375029
MSFT,2021-06-30,361.26,364.74,359.61,363.09,7472152
MSFT,2021-07-01,363.09,367.55,361.09,365.55,7569275
MSFT,2021-07-02,365.55,367.63,364.95,367.03,7666398
MSFT,2021-07-05,367.03,370.08,366.08,369.13,7763521
MSFT,2021-07-06,369.13,371.54,367.83,370.24,7860644
MSFT,2021-07-07,370.24,373.61,368.59,371.96,7957767
MSFT,2021-07-08,371.96,374.68,369.96,372.68,8054890
MSFT,2021-07-09,372.68,374.60,372.08,374.00,8152013
MSFT,2021-07-12,374.00,375.26,373.05,374.31,8249136
MSFT,2021-07-13,374.31,376.52,373.01,375.22,8346259
MSFT,2021-07-14,375.22,378.38,373.57,376.73,8443382
MSFT,2021-07-15,376.73,379.22,374.73,377.22,8540505
MSFT,2021-07-16,377.22,378.90,376.62,378.30,8637628
MSFT,2021-07-19,378.30,379.31,377.35,378.36,8734751
MSFT,2021-07-20,378.36,380.31,377.06,379.01,8831874
MSFT,2021-07-21,379.01,380.66,376.98,378.63,8928997
MSFT,2021-07-22,378.63,380.84,376.63,378.84,2026120
MSFT,2021-07-23,378.84,379.44,377.43,378.03,2123243
MSFT,2021-07-26,378.03,378.98,376.86,377.81,2220366
MSFT,2021-07-27,377.81,379.48,376.51,378.18,2317489
MSFT,2021-07-28,378.18,379.83,375.88,377.53,2414612
MSFT,2021-07-29,377.53,379.53,375.48,377.48,2511735
MSFT,2021-07-30,377.48,378.08,375.80,376.40,2608858
MSFT,2021-08-02,376.40,377.35,374.98,375.93,2705981
MSFT,2021-08-03,375.93,377.23,373.15,374.45,2803104
MSFT,2021-08-04,374.45,376.10,371.93,373.58,2900227
MSFT,2021-08-05,373.58,375.58,369.70,371.70,2997350
MSFT,2021-08-06,371.70,372.30,369.84,370.44,3094473
MSFT,2021-08-09,370.44,371.39,368.85,369.80,3191596
MSFT,2021-08-10,369.80,371.10,366.87,368.17,3288719
MSFT,2021-08-11,368.17,369.82,365.52,367.17,3385842
MSFT,2021-08-12,367.17,369.17,363.19,365.19,3482965
MSFT,2021-08-13,365.19,365.79,363.26,363.86,3580088
MSFT,2021-08-16,363.86,364.81,360.61,361.56,3677211
MSFT,2021-08-17,361.56,362.86,358.61,359.91,3774334
MSFT,2021-08-18,359.91,361.56,355.66,357.31,3871457
MSFT,2021-08-19,357.31,359.31,353.38,355.38,3968580
MSFT,2021-08-20,355.38,355.98,353.52,354.12,4065703
MSFT,2021-08-23,354.12,355.07,350.98,351.93,4162826
MSFT,2021-08-24,351.93,353.23,349.13,350.43,4259949
MSFT,2021-08-25,350.43,352.08,346.36,348.01,4357072
MSFT,2021-08-26,348.01,350.01,344.29,346.29,4454195
MSFT,2021-08-27,346.29,346.89,343.07,343.67,4551318
MSFT,2021-08-30,343.67,344.62,340.81,341.76,4648441
MSFT,2021-08-31,341.76,343.06,337.66,338.96,4745564
MSFT,2021-09-01,338.96,340.61,335.25,336.90,4842687
MSFT,2021-09-02,336.90,338.90,333.57,335.57,4939810
MSFT,2021-09-03,335.57,336.17,332.77,333.37,5036933
MSFT,2021-09-06,333.37,334.32,330.98,331.93,5134056
MSFT,2021-09-07,331.93,333.23,328.33,329.63,5231179
MSFT,2021-09-08,329.63,331.28,326.44,328.09,5328302
MSFT,2021-09-09,328.09,330.09,323.70,325.70,5425425
MSFT,2021-09-10,325.70,326.30,323.50,324.10,5522548
MSFT,2021-09-13,324.10,325.05,320.71,321.66,5619671
MSFT,2021-09-14,321.66,322.96,318.71,320.01,5716794
MSFT,2021-09-15,320.01,321.66,317.50,319.15,5813917
MSFT,2021-09-16,319.15,321.15,315.47,317.47,5911040
MSFT,2021-09-17,317.47,318.07,316.00,316.60,6008163
MSFT,2021-09-20,316.60,317.55,313.97,314.92,6105286
MSFT,2021-09-21,314.92,316.22,312.75,314.05,6202409
MSFT,2021-09-22,314.05,315.70,310.73,312.38,6299532
MSFT,2021-09-23,312.38,314.38,309.53,311.53,6396655
MSFT,2021-09-24,311.53,312.13,309.28,309.88,6493778
MSFT,2021-09-27,309.88,310.83,308.10,309.05,6590901
MSFT,2021-09-28,309.05,310.35,307.75,309.05,6688024
MSFT,2021-09-29,309.05,310.70,306.62,308.27,6785147
MSFT,2021-09-30,308.27,310.31,306.27,308.31,6882270
MSFT,2021-10-01,308.31,308.91,306.96,307.56,6979393
MSFT,2021-10-04,307.56,308.59,306.61,307.64,7076516
MSFT,2021-10-05,307.64,308.94,305.63,306.93,7173639
MSFT,2021-10-06,306.93,308.71,305.28,307.06,7270762
MSFT,2021-10-07,307.06,309.06,304.40,306.40,7367885
MSFT,2021-10-08,306.40,307.16,305.80,306.56,7465008
MSFT,2021-10-11,306.56,308.50,305.61,307.55,7562131
MSFT,2021-10-12,307.55,309.05,306.25,307.75,7659254
MSFT,2021-10-13,307.75,310.43,306.10,308.78,7756377
MSFT,2021-10-14,308.78,311.00,306.78,309.00,7853500
MSFT,2021-10-15,309.00,310.64,308.40,310.04,7950623
MSFT,2021-10-18,310.04,311.23,309.09,310.28,8047746
MSFT,2021-10-19,310.28,312.63,308.98,311.33,8144869
MSFT,2021-10-20,311.33,313.22,309.68,311.57,8241992
MSFT,2021-10-21,311.57,314.61,309.57,312.61,8339115
MSFT,2021-10-22,312.61,315.05,312.01,314.45,8436238
MSFT,2021-10-25,314.45,316.42,313.50,315.47,8533361
MSFT,2021-10-26,315.47,318.58,314.17,317.28,8630484
MSFT,2021-10-27,317.28,319.90,315.63,318.25,8727607
MSFT,2021-10-28,318.25,322.00,316.25,320.00,8824730
MSFT,2021-10-29,320.00,321.50,319.40,320.90,8921853
MSFT,2021-11-01,320.90,323.53,319.95,322.58,2018976
MSFT,2021-11-02,322.58,324.69,321.28,323.39,2116099
MSFT,2021-11-03,323.39,326.62,321.74,324.97,2213222
MSFT,2021-11-04,324.97,329.29,322.97,327.29,2310345
MSFT,2021-11-05,327.29,329.34,326.69,328.74,2407468
MSFT,2021-11-08,328.74,331.88,327.79,330.93,2504591
MSFT,2021-11-09,330.93,333.54,329.63,332.24,2601714
MSFT,2021-11-10,332.24,335.92,330.59,334.27,2698837
MSFT,2021-11-11,334.27,337.40,332.27,335.40,2795960
MSFT,2021-11-12,335.40,337.85,334.80,337.25,2893083
MSFT,2021-11-15,337.25,339.13,336.30,338.18,2990206
MSFT,2021-11-16,338.18,341.12,336.88,339.82,3087329
MSFT,2021-11-17,339.82,343.81,338.17,342.16,3184452
MSFT,2021-11-18,342.16,345.57,340.16,343.57,3281575
MSFT,2021-11-19,343.57,346.27,342.97,345.67,3378698
MSFT,2021-11-22,345.67,347.78,344.72,346.83,3475821
MSFT,2021-11-23,346.83,349.97,345.53,348.67,3572944
MSFT,2021-11-24,348.67,351.21,347.02,349.56,3670067
MSFT,2021-11-25,349.56,353.12,347.56,351.12,3767190
MSFT,2021-11-26,351.12,352.32,350.52,351.72,3864313
MSFT,2021-11-29,351.72,353.93,350.77,352.98,3961436
MSFT,2021-11-30,352.98,356.20,351.68,354.90,4058559
MSFT,2021-12-01,354.90,357.50,353.25,355.85,4155682
MSFT,2021-12-02,355.85,359.45,353.85,357.45,4252805
MSFT,2021-12-03,357.45,358.67,356.85,358.07,4349928
MSFT,2021-12-06,358.07,360.29,357.12,359.34,4447051
MSFT,2021-12-07,359.34,360.93,358.04,359.63,4544174
MSFT,2021-12-08,359.63,362.21,357.98,360.56,4641297
MSFT,2021-12-09,360.56,362.56,358.50,360.50,4738420
MSFT,2021-12-10,360.50,361.68,359.90,361.08,4835543
MSFT,2021-12-13,361.08,363.25,360.13,362.30,4932666
MSFT,2021-12-14,362.30,363.83,361.00,362.53,5029789
MSFT,2021-12-15,362.53,365.05,360.88,363.40,5126912
MSFT,2021-12-16,363.40,365.40,361.27,363.27,5224035
MSFT,2021-12-17,363.27,364.39,362.67,363.79,5321158
MSFT,2021-12-20,363.79,364.74,362.37,363.32,5418281
MSFT,2021-12-21,363.32,364.78,362.02,363.48,5515404
MSFT,2021-12-22,363.48,365.13,361.01,362.66,5612527
MSFT,2021-12-23,362.66,364.66,360.48,362.48,5709650
MSFT,2021-12-24,362.48,363.54,361.88,362.94,5806773
MSFT,2021-12-27,362.94,363.89,361.48,362.43,5903896
MSFT,2021-12-28,362.43,363.86,361.13,362.56,6001019
MSFT,2021-12-29,362.56,364.21,360.06,361.71,6098142
MSFT,2021-12-30,361.71,363.71,359.52,361.52,6195265
MSFT,2021-12-31,361.52,362.12,359.76,360.36,6292388
MSFT,2022-01-03,360.36,361.31,358.91,359.86,6389511
MSFT,2022-01-04,359.86,361.16,357.10,358.40,6486634
MSFT,2022-01-05,358.40,360.05,355.95,357.60,6583757
MSFT,2022-01-06,357.60,359.60,355.47,357.47,6680880
MSFT,2022-01-07,357.47,358.07,355.80,356.40,6778003
MSFT,2022-01-10,356.40,357.35,355.05,356.00,6875126
MSFT,2022-01-11,356.00,357.30,353.36,354.66,6972249
MSFT,2022-01-12,354.66,356.31,352.36,354.01,7069372
MSFT,2022-01-13,354.01,356.01,350.43,352.43,7166495
MSFT,2022-01-14,352.43,353.03,350.94,351.54,7263618
MSFT,2022-01-17,351.54,352.49,348.78,349.73,7360741
MSFT,2022-01-18,349.73,351.03,347.32,348.62,7457864
MSFT,2022-01-19,348.62,350.27,346.58,348.23,7554987
MSFT,2022-01-20,348.23,350.23,344.92,346.92,7652110
MSFT,2022-01-21,346.92,347.52,345.73,346.33,7749233
MSFT,2022-01-24,346.33,347.28,343.90,344.85,7846356
MSFT,2022-01-25,344.85,346.15,342.79,344.09,7943479
MSFT,2022-01-26,344.09,345.74,340.79,342.44,8040602
MSFT,2022-01-27,342.44,344.44,339.53,341.53,8137725
MSFT,2022-01-28,341.53,342.13,339.14,339.74,8234848
MSFT,2022-01-31,339.74,340.69,337.73,338.68,8331971
MSFT,2022-02-01,338.68,339.98,337.08,338.38,8429094
MSFT,2022-02-02,338.38,340.03,335.56,337.21,8526217
MSFT,2022-02-03,337.21,339.21,334.79,336.79,8623340
MSFT,2022-02-04,336.79,337.39,334.91,335.51,8720463
MSFT,2022-02-07,335.51,336.46,334.04,334.99,8817586
MSFT,2022-02-08,334.99,336.29,332.31,333.61,8914709
MSFT,2022-02-09,333.61,335.26,331.35,333.00,2011832
MSFT,2022-02-10,333.00,335.00,329.53,331.53,2108955
MSFT,2022-02-11,331.53,332.13,330.24,330.84,2206078
MSFT,2022-02-14,330.84,331.87,329.89,330.92,2303201
MSFT,2022-02-15,330.92,332.22,328.85,330.15,2400324
MSFT,2022-02-16,330.15,331.81,328.50,330.16,2497447
MSFT,2022-02-17,330.16,332.16,327.33,329.33,2594570
MSFT,2022-02-18,329.33,329.93,328.67,329.27,2691693
MSFT,2022-02-21,329.27,330.22,327.42,328.37,2788816
MSFT,2022-02-22,328.37,329.67,326.95,328.25,2885939
MSFT,2022-02-23,328.25,329.90,325.64,327.29,2983062
MSFT,2022-02-24,327.29,329.29,325.11,327.11,3080185
MSFT,2022-02-25,327.11,328.31,326.51,327.71,3177308
MSFT,2022-02-28,327.71,328.66,326.51,327.46,3274431
MSFT,2022-03-01,327.46,329.29,326.16,327.99,3371554
MSFT,2022-03-02,327.99,329.64,326.03,327.68,3468677
MSFT,2022-03-03,327.68,330.14,325.68,328.14,3565800
MSFT,2022-03-04,328.14,328.74,327.15,327.75,3662923
MSFT,2022-03-07,327.75,329.08,326.80,328.13,3760046
MSFT,2022-03-08,328.13,329.43,326.36,327.66,3857169
MSFT,2022-03-09,327.66,329.61,326.01,327.96,3954292
MSFT,2022-03-10,327.96,331.02,325.96,329.02,4051415
MSFT,2022-03-11,329.02,329.82,328.42,329.22,4148538
MSFT,2022-03-14,329.22,331.13,328.27,330.18,4245661
MSFT,2022-03-15,330.18,331.58,328.88,330.28,4342784
MSFT,2022-03-16,330.28,332.78,328.63,331.13,4439907
MSFT,2022-03-17,331.13,333.13,329.10,331.10,4537030
MSFT,2022-03-18,331.10,332.43,330.50,331.83,4634153
MSFT,2022-03-21,331.83,332.78,330.72,331.67,4731276
MSFT,2022-03-22,331.67,333.56,330.37,332.26,4828399
MSFT,2022-03-23,332.26,335.23,330.61,333.58,4925522
MSFT,2022-03-24,333.58,336.02,331.58,334.02,5022645
MSFT,2022-03-25,334.02,335.78,333.42,335.18,5119768
MSFT,2022-03-28,335.18,336.40,334.23,335.45,5216891
MSFT,2022-03-29,335.45,337.74,334.15,336.44,5314014
MSFT,2022-03-30,336.44,338.18,334.79,336.53,5411137
MSFT,2022-03-31,336.53,339.34,334.53,337.34,5508260
MSFT,2022-04-01,337.34,337.94,336.64,337.24,5605383
MSFT,2022-04-04,337.24,338.79,336.29,337.84,5702506
MSFT,2022-04-05,337.84,340.45,336.54,339.15,5799629
MSFT,2022-04-06,339.15,341.20,337.50,339.55,5896752
MSFT,2022-04-07,339.55,342.64,337.55,340.64,5993875
MSFT,2022-04-08,340.64,341.41,340.04,340.81,6090998
MSFT,2022-04-11,340.81,342.63,339.86,341.68,6188121
MSFT,2022-04-12,341.68,342.98,340.31,341.61,6285244
MSFT,2022-04-13,341.61,343.89,339.96,342.24,6382367
MSFT,2022-04-14,342.24,344.24,339.93,341.93,6479490
MSFT,2022-04-15,341.93,342.91,341.33,342.31,6576613
MSFT,2022-04-18,342.31,344.32,341.36,343.37,6673736
MSFT,2022-04-19,343.37,344.79,342.07,343.49,6770859
MSFT,2022-04-20,343.49,345.95,341.84,344.30,6867982
MSFT,2022-04-21,344.30,346.30,342.16,344.16,6965105
MSFT,2022-04-22,344.16,345.30,343.56,344.70,7062228
MSFT,2022-04-25,344.70,345.65,343.35,344.30,7159351
MSFT,2022-04-26,344.30,345.88,343.00,344.58,7256474
MSFT,2022-04-27,344.58,346.23,342.26,343.91,7353597
MSFT,2022-04-28,343.91,345.92,341.91,343.92,7450720
MSFT,2022-04-29,343.92,345.21,343.32,344.61,7547843
MSFT,2022-05-02,344.61,345.56,343.41,344.36,7644966
MSFT,2022-05-03,344.36,346.08,343.06,344.78,7742089
MSFT,2022-05-04,344.78,346.43,342.61,344.26,7839212
MSFT,2022-05-05,344.26,346.43,342.26,344.43,7936335
MSFT,2022-05-06,344.43,345.03,343.05,343.65,8033458
MSFT,2022-05-09,343.65,344.60,342.61,343.56,8130581
MSFT,2022-05-10,343.56,344.86,341.24,342.54,8227704
MSFT,2022-05-11,342.54,344.19,340.55,342.20,8324827
MSFT,2022-05-12,342.20,344.55,340.20,342.55,8421950
MSFT,2022-05-13,342.55,343.15,341.37,341.97,8519073
MSFT,2022-05-16,341.97,343.04,341.02,342.09,8616196
MSFT,2022-05-17,342.09,343.39,339.98,341.28,8713319
MSFT,2022-05-18,341.28,342.93,339.52,341.17,8810442
MSFT,2022-05-19,341.17,343.17,338.15,340.15,8907565
MSFT,2022-05-20,340.15,340.75,339.23,339.83,2004688
MSFT,2022-05-23,339.83,340.78,337.64,338.59,2101811
MSFT,2022-05-24,338.59,339.89,336.77,338.07,2198934
MSFT,2022-05-25,338.07,339.92,336.42,338.27,2296057
MSFT,2022-05-26,338.27,340.27,335.56,337.56,2393180
MSFT,2022-05-27,337.56,338.17,336.96,337.57,2490303
MSFT,2022-05-30,337.57,338.52,335.73,336.68,2587426
MSFT,2022-05-31,336.68,337.98,335.22,336.52,2684549
MSFT,2022-06-01,336.52,338.17,333.83,335.48,2781672
MSFT,2022-06-02,335.48,337.48,333.16,335.16,2878795
MSFT,2022-06-03,335.16,335.76,333.37,333.97,2975918
MSFT,2022-06-06,333.97,334.92,332.56,333.51,3073041
MSFT,2022-06-07,333.51,335.10,332.21,333.80,3170164
MSFT,2022-06-08,333.80,335.45,331.56,333.21,3267287
MSFT,2022-06-09,333.21,335.37,331.21,333.37,3364410
MSFT,2022-06-10,333.37,333.97,332.07,332.67,3461533
MSFT,2022-06-13,332.67,333.66,331.72,332.71,3558656
MSFT,2022-06-14,332.71,334.01,330.60,331.90,3655779
MSFT,2022-06-15,331.90,333.55,330.19,331.84,3752902
MSFT,2022-06-16,331.84,333.84,328.93,330.93,3850025
MSFT,2022-06-17,330.93,331.53,330.18,330.78,3947148
MSFT,2022-06-20,330.78,332.34,329.83,331.39,4044271
MSFT,2022-06-21,331.39,332.69,329.85,331.15,4141394
MSFT,2022-06-22,331.15,333.32,329.50,331.67,4238517
MSFT,2022-06-23,331.67,333.67,329.35,331.35,4335640
MSFT,2022-06-24,331.35,332.39,330.75,331.79,4432763
MSFT,2022-06-27,331.79,332.74,330.44,331.39,4529886
MSFT,2022-06-28,331.39,333.06,330.09,331.76,4627009
MSFT,2022-06-29,331.76,333.41,329.62,331.27,4724132
MSFT,2022-06-30,331.27,333.56,329.27,331.56,4821255
MSFT,2022-07-01,331.56,333.22,330.96,332.62,4918378
MSFT,2022-07-04,332.62,333.78,331.67,332.83,5015501
MSFT,2022-07-05,332.83,335.10,331.53,333.80,5112624
MSFT,2022-07-06,333.80,335.58,332.15,333.93,5209747
MSFT,2022-07-07,333.93,336.82,331.93,334.82,5306870
MSFT,2022-07-08,334.82,335.45,334.22,334.85,5403993
MSFT,2022-07-11,334.85,336.60,333.90,335.65,5501116
MSFT,2022-07-12,335.65,336.95,334.29,335.59,5598239
MSFT,2022-07-13,335.59,337.94,333.94,336.29,5695362
MSFT,2022-07-14,336.29,339.75,334.29,337.75,5792485
MSFT,2022-07-15,337.75,338.94,337.15,338.34,5889608
MSFT,2022-07-18,338.34,340.63,337.39,339.68,5986731
MSFT,2022-07-19,339.68,341.45,338.38,340.15,6083854
MSFT,2022-07-20,340.15,343.01,338.50,341.36,6180977
MSFT,2022-07-21,341.36,343.70,339.36,341.70,6278100
MSFT,2022-07-22,341.70,343.37,341.10,342.77,6375223
MSFT,2022-07-25,342.77,343.91,341.82,342.96,6472346
MSFT,2022-07-26,342.96,345.17,341.66,343.87,6569469
MSFT,2022-07-27,343.87,347.17,342.22,345.52,6666592
MSFT,2022-07-28,345.52,348.26,343.52,346.26,6763715
MSFT,2022-07-29,346.26,348.33,345.66,347.73,6860838
MSFT,2022-08-01,347.73,349.24,346.78,348.29,6957961
MSFT,2022-08-02,348.29,350.86,346.99,349.56,7055084
MSFT,2022-08-03,349.56,351.56,347.91,349.91,7152207
MSFT,2022-08-04,349.91,352.97,347.91,350.97,7249330
MSFT,2022-08-05,350.97,351.71,350.37,351.11,7346453
MSFT,2022-08-08,351.11,352.89,350.16,351.94,7443576
MSFT,2022-08-09,351.94,354.76,350.64,353.46,7540699
MSFT,2022-08-10,353.46,355.69,351.81,354.04,7637822
MSFT,2022-08-11,354.04,357.31,352.04,355.31,7734945
MSFT,2022-08-12,355.31,356.24,354.71,355.64,7832068
NVDA,2021-01-04,88.00,90.64,86.70,89.34,2275062
NVDA,2021-01-05,89.34,93.22,87.69,91.57,2372185
NVDA,2021-01-06,91.57,95.05,89.57,93.05,2469308
NVDA,2021-01-07,93.05,96.01,92.45,95.41,2566431
NVDA,2021-01-08,95.41,97.95,94.46,97.00,2663554
NVDA,2021-01-11,97.00,100.76,95.70,99.46,2760677
NVDA,2021-01-12,99.46,102.79,97.81,101.14,2857800
NVDA,2021-01-13,101.14,105.67,99.14,103.67,2954923
NVDA,2021-01-14,103.67,106.01,103.07,105.41,3052046
NVDA,2021-01-15,105.41,107.32,104.46,106.37,3149169
NVDA,2021-01-18,106.37,109.45,105.07,108.15,3246292
NVDA,2021-01-19,108.15,110.77,106.50,109.12,3343415
NVDA,2021-01-20,109.12,112.91,107.12,110.91,3440538
NVDA,2021-01-21,110.91,112.49,110.31,111.89,3537661
NVDA,2021-01-22,111.89,114.63,110.94,113.68,3634784
NVDA,2021-01-25,113.68,115.94,112.38,114.64,3731907
NVDA,2021-01-26,114.64,118.04,112.99,116.39,3829030
NVDA,2021-01-27,116.39,119.32,114.39,117.32,3926153
NVDA,2021-01-28,117.32,118.01,116.72,117.41,4023276
NVDA,2021-01-29,117.41,119.23,116.46,118.28,4120399
NVDA,2021-02-01,118.28,119.62,116.98,118.32,4217522
NVDA,2021-02-02,118.32,120.78,116.67,119.13,4314645
NVDA,2021-02-03,119.13,121.13,117.10,119.10,4411768
NVDA,2021-02-04,119.10,120.45,118.50,119.85,4508891
NVDA,2021-02-05,119.85,120.80,118.79,119.74,4606014
NVDA,2021-02-08,119.74,121.71,118.44,120.41,4703137
NVDA,2021-02-09,120.41,122.06,118.59,120.24,4800260
NVDA,2021-02-10,120.24,122.24,117.21,119.21,4897383
NVDA,2021-02-11,119.21,119.81,118.36,118.96,4994506
NVDA,2021-02-12,118.96,119.91,116.92,117.87,5091629
NVDA,2021-02-15,117.87,119.17,116.24,117.54,5188752
NVDA,2021-02-16,117.54,119.19,114.73,116.38,5285875
NVDA,2021-02-17,116.38,118.38,114.00,116.00,5382998
NVDA,2021-02-18,116.00,116.60,114.18,114.78,5480121
NVDA,2021-02-19,114.78,115.73,113.39,114.34,5577244
NVDA,2021-02-22,114.34,115.64,111.78,113.08,5674367
NVDA,2021-02-23,113.08,114.73,109.34,110.99,5771490
NVDA,2021-02-24,110.99,112.99,107.69,109.69,5868613
NVDA,2021-02-25,109.69,110.29,106.98,107.58,5965736
NVDA,2021-02-26,107.58,108.53,105.33,106.28,6062859
NVDA,2021-03-01,106.28,107.58,102.87,104.17,6159982
NVDA,2021-03-02,104.17,105.82,101.22,102.87,6257105
NVDA,2021-03-03,102.87,104.87,98.79,100.79,6354228
NVDA,2021-03-04,100.79,101.39,98.93,99.53,6451351
NVDA,2021-03-05,99.53,100.48,96.54,97.49,6548474
NVDA,2021-03-08,97.49,98.79,93.37,94.67,6645597
NVDA,2021-03-09,94.67,96.32,91.06,92.71,6742720
NVDA,2021-03-10,92.71,94.71,87.98,89.98,6839843
NVDA,2021-03-11,89.98,90.58,87.52,88.12,6936966
NVDA,2021-03-12,88.12,89.07,84.57,85.52,7034089
NVDA,2021-03-15,85.52,86.82,82.49,83.79,7131212
NVDA,2021-03-16,83.79,85.44,79.68,81.33,7228335
NVDA,2021-03-17,81.33,83.33,77.77,79.77,7325458
NVDA,2021-03-18,79.77,80.37,76.89,77.49,7422581
NVDA,2021-03-19,77.49,78.44,73.55,74.50,7519704
NVDA,2021-03-22,74.50,75.80,71.13,72.43,7616827
NVDA,2021-03-23,72.43,74.08,68.01,69.66,7713950
NVDA,2021-03-24,69.66,71.66,65.83,67.83,7811073
NVDA,2021-03-25,67.83,68.43,64.72,65.32,7908196
NVDA,2021-03-26,65.32,66.27,62.81,63.76,8005319
NVDA,2021-03-29,63.76,65.06,60.24,61.54,8102442
NVDA,2021-03-30,61.54,63.19,58.62,60.27,8199565
NVDA,2021-03-31,60.27,62.27,56.36,58.36,8296688
NVDA,2021-04-01,58.36,58.96,55.20,55.80,8393811
NVDA,2021-04-02,55.80,56.75,53.27,54.22,8490934
NVDA,2021-04-05,54.22,55.52,50.71,52.01,8588057
NVDA,2021-04-06,52.01,53.66,49.15,50.80,8685180
NVDA,2021-04-07,50.80,52.80,46.96,48.96,8782303
NVDA,2021-04-08,48.96,49.56,47.53,48.13,8879426
NVDA,2021-04-09,48.13,49.08,45.73,46.68,8976549
NVDA,2021-04-12,46.68,47.98,44.95,46.25,2073672
NVDA,2021-04-13,46.25,47.90,43.56,45.21,2170795
NVDA,2021-04-14,45.21,47.21,41.57,43.57,2267918
NVDA,2021-04-15,43.57,44.17,42.36,42.96,2365041
NVDA,2021-04-16,42.96,43.91,40.80,41.75,2462164
NVDA,2021-04-19,41.75,43.05,40.27,41.57,2559287
NVDA,2021-04-20,41.57,43.22,39.15,40.80,2656410
NVDA,2021-04-21,40.80,43.06,38.80,41.06,2753533
NVDA,2021-04-22,41.06,41.66,40.14,40.74,2850656
NVDA,2021-04-23,40.74,42.39,39.79,41.44,2947779
NVDA,2021-04-26,41.44,42.86,40.14,41.56,3044902
NVDA,2021-04-27,41.56,43.21,39.44,41.09,3142025
NVDA,2021-04-28,41.09,43.65,39.09,41.65,3239148
NVDA,2021-04-29,41.65,42.25,41.02,41.62,3336271
NVDA,2021-04-30,41.62,43.56,40.67,42.61,3433394
NVDA,2021-05-03,42.61,44.32,41.31,43.02,3530517
NVDA,2021-05-04,43.02,46.09,41.37,44.44,3627640
NVDA,2021-05-05,44.44,47.27,42.44,45.27,3724763
NVDA,2021-05-06,45.27,47.71,44.67,47.11,3821886
NVDA,2021-05-07,47.11,49.29,46.16,48.34,3919009
NVDA,2021-05-10,48.34,50.26,47.04,48.96,4016132
NVDA,2021-05-11,48.96,52.24,47.31,50.59,4113255
NVDA,2021-05-12,50.59,53.59,48.59,51.59,4210378
NVDA,2021-05-13,51.59,54.19,50.99,53.59,4307501
NVDA,2021-05-14,53.59,55.90,52.64,54.95,4404624
NVDA,2021-05-17,54.95,58.60,53.65,57.30,4501747
NVDA,2021-05-18,57.30,60.65,55.65,59.00,4598870
NVDA,2021-05-19,59.00,63.67,57.00,61.67,4695993
NVDA,2021-05-20,61.67,64.28,61.07,63.68,4793116
NVDA,2021-05-21,63.68,65.97,62.73,65.02,4890239
NVDA,2021-05-24,65.02,68.62,63.72,67.32,4987362
NVDA,2021-05-25,67.32,70.58,65.67,68.93,5084485
NVDA,2021-05-26,68.93,73.48,66.93,71.48,5181608
NVDA,2021-05-27,71.48,73.94,70.88,73.34,5278731
NVDA,2021-05-28,73.34,77.06,72.39,76.11,5375854
NVDA,2021-05-31,76.11,79.48,74.81,78.18,5472977
NVDA,2021-06-01,78.18,82.80,76.53,81.15,5570100
NVDA,2021-06-02,81.15,85.39,79.15,83.39,5667223
NVDA,2021-06-03,83.39,85.51,82.79,84.91,5764346
NVDA,2021-06-04,84.91,88.25,83.96,87.30,5861469
NVDA,2021-06-07,87.30,90.25,86.00,88.95,5958592
NVDA,2021-06-08,88.95,93.12,87.30,91.47,6055715
NVDA,2021-06-09,91.47,95.22,89.47,93.22,6152838
NVDA,2021-06-10,93.22,96.43,92.62,95.83,6249961
NVDA,2021-06-11,95.83,98.61,94.88,97.66,6347084
NVDA,2021-06-14,97.66,101.63,96.36,100.33,6444207
NVDA,2021-06-15,100.33,103.86,98.68,102.21,6541330
NVDA,2021-06-16,102.21,105.30,100.21,103.30,6638453
NVDA,2021-06-17,103.30,105.81,102.70,105.21,6735576
NVDA,2021-06-18,105.21,107.27,104.26,106.32,6832699
NVDA,2021-06-21,106.32,109.53,105.02,108.23,6929822
NVDA,2021-06-22,108.23,110.98,106.58,109.33,7026945
NVDA,2021-06-23,109.33,113.23,107.33,111.23,7124068
NVDA,2021-06-24,111.23,112.90,110.63,112.30,7221191
NVDA,2021-06-25,112.30,115.12,111.35,114.17,7318314
NVDA,2021-06-28,114.17,116.51,112.87,115.21,7415437
NVDA,2021-06-29,115.21,117.06,113.56,115.41,7512560
NVDA,2021-06-30,115.41,118.39,113.41,116.39,7609683
NVDA,2021-07-01,116.39,117.14,115.79,116.54,7706806
NVDA,2021-07-02,116.54,118.42,115.59,117.47,7803929
NVDA,2021-07-05,117.47,118.85,116.17,117.55,7901052
NVDA,2021-07-06,117.55,120.06,115.90,118.41,7998175
NVDA,2021-07-07,118.41,120.42,116.41,118.42,8095298
NVDA,2021-07-08,118.42,119.81,117.82,119.21,8192421
NVDA,2021-07-09,119.21,120.16,118.21,119.16,8289544
NVDA,2021-07-12,119.16,120.46,116.96,118.26,8386667
NVDA,2021-07-13,118.26,119.91,116.50,118.15,8483790
NVDA,2021-07-14,118.15,120.15,115.19,117.19,8580913
NVDA,2021-07-15,117.19,117.79,116.41,117.01,8678036
NVDA,2021-07-16,117.01,117.96,115.05,116.00,8775159
NVDA,2021-07-19,116.00,117.30,114.48,115.78,8872282
NVDA,2021-07-20,115.78,117.43,113.07,114.72,8969405
NVDA,2021-07-21,114.72,116.72,112.46,114.46,2066528
NVDA,2021-07-22,114.46,115.06,112.78,113.38,2163651
NVDA,2021-07-23,113.38,114.33,110.53,111.48,2260774
NVDA,2021-07-26,111.48,112.78,109.09,110.39,2357897
NVDA,2021-07-27,110.39,112.04,106.84,108.49,2455020
NVDA,2021-07-28,108.49,110.49,105.40,107.40,2552143
NVDA,2021-07-29,107.40,108.00,104.92,105.52,2649266
NVDA,2021-07-30,105.52,106.47,103.51,104.46,2746389
NVDA,2021-08-02,104.46,105.76,101.32,102.62,2843512
NVDA,2021-08-03,102.62,104.27,99.96,101.61,2940635
NVDA,2021-08-04,101.61,103.61,97.83,99.83,3037758
NVDA,2021-08-05,99.83,100.43,96.69,97.29,3134881
NVDA,2021-08-06,97.29,98.24,94.65,95.60,3232004
NVDA,2021-08-09,95.60,96.90,91.86,93.16,3329127
NVDA,2021-08-10,93.16,94.81,89.94,91.59,3426250
NVDA,2021-08-11,91.59,93.59,87.28,89.28,3523373
NVDA,2021-08-12,89.28,89.88,87.25,87.85,3620496
NVDA,2021-08-13,87.85,88.80,84.75,85.70,3717619
NVDA,2021-08-16,85.70,87.00,83.14,84.44,3814742
NVDA,2021-08-17,84.44,86.09,80.83,82.48,3911865
NVDA,2021-08-18,82.48,84.48,77.80,79.80,4008988
NVDA,2021-08-19,79.80,80.40,77.44,78.04,4106111
NVDA,2021-08-20,78.04,78.99,74.64,75.59,4203234
NVDA,2021-08-23,75.59,76.89,72.77,74.07,4300357
NVDA,2021-08-24,74.07,75.72,70.22,71.87,4397480
NVDA,2021-08-25,71.87,73.87,68.62,70.62,4494603
NVDA,2021-08-26,70.62,71.22,68.09,68.69,4591726
NVDA,2021-08-27,68.69,69.64,66.77,67.72,4688849
NVDA,2021-08-30,67.72,69.02,64.79,66.09,4785972
NVDA,2021-08-31,66.09,67.74,62.16,63.81,4883095
NVDA,2021-09-01,63.81,65.81,60.50,62.50,4980218
NVDA,2021-09-02,62.50,63.10,59.95,60.55,5077341
NVDA,2021-09-03,60.55,61.50,58.62,59.57,5174464
NVDA,2021-09-06,59.57,60.87,56.66,57.96,5271587
NVDA,2021-09-07,57.96,59.61,55.69,57.34,5368710
NVDA,2021-09-08,57.34,59.34,54.08,56.08,5465833
NVDA,2021-09-09,56.08,56.68,55.22,55.82,5562956
NVDA,2021-09-10,55.82,56.77,53.99,54.94,5660079
NVDA,2021-09-13,54.94,56.24,52.14,53.44,5757202
NVDA,2021-09-14,53.44,55.09,51.28,52.93,5854325
NVDA,2021-09-15,52.93,54.93,49.81,51.81,5951448
NVDA,2021-09-16,51.81,52.41,51.09,51.69,6048571
NVDA,2021-09-17,51.69,52.64,50.01,50.96,6145694
NVDA,2021-09-20,50.96,52.53,49.66,51.23,6242817
NVDA,2021-09-21,51.23,52.88,49.23,50.88,6339940
NVDA,2021-09-22,50.88,53.54,48.88,51.54,6437063
NVDA,2021-09-23,51.54,52.18,50.94,51.58,6534186
NVDA,2021-09-24,51.58,52.53,50.05,51.00,6631309
NVDA,2021-09-27,51.00,52.72,49.70,51.42,6728432
NVDA,2021-09-28,51.42,53.07,49.57,51.22,6825555
NVDA,2021-09-29,51.22,54.01,49.22,52.01,6922678
NVDA,2021-09-30,52.01,52.78,51.41,52.18,7019801
NVDA,2021-10-01,52.18,54.29,51.23,53.34,7116924
NVDA,2021-10-04,53.34,55.17,52.04,53.87,7214047
NVDA,2021-10-05,53.87,57.03,52.22,55.38,7311170
NVDA,2021-10-06,55.38,58.26,53.38,56.26,7408293
NVDA,2021-10-07,56.26,57.09,55.66,56.49,7505416
NVDA,2021-10-08,56.49,58.64,55.54,57.69,7602539
NVDA,2021-10-11,57.69,59.54,56.39,58.24,7699662
NVDA,2021-10-12,58.24,61.40,56.59,59.75,7796785
NVDA,2021-10-13,59.75,62.60,57.75,60.60,7893908
NVDA,2021-10-14,60.60,63.01,60.00,62.41,7991031
NVDA,2021-10-15,62.41,64.49,61.46,63.54,8088154
NVDA,2021-10-18,63.54,66.92,62.24,65.62,8185277
NVDA,2021-10-19,65.62,68.67,63.97,67.02,8282400
NVDA,2021-10-20,67.02,69.72,65.02,67.72,8379523
NVDA,2021-10-21,67.72,69.96,67.12,69.36,8476646
NVDA,2021-10-22,69.36,71.24,68.41,70.29,8573769
NVDA,2021-10-25,70.29,73.45,68.99,72.15,8670892
NVDA,2021-10-26,72.15,74.94,70.50,73.29,8768015
NVDA,2021-10-27,73.29,77.33,71.29,75.33,8865138
NVDA,2021-10-28,75.33,77.26,74.73,76.66,8962261
NVDA,2021-10-29,76.66,79.83,75.71,78.88,2059384
NVDA,2021-11-01,78.88,81.67,77.58,80.37,2156507
NVDA,2021-11-02,80.37,82.77,78.72,81.12,2253630
NVDA,2021-11-03,81.12,84.75,79.12,82.75,2350753
NVDA,2021-11-04,82.75,84.23,82.15,83.63,2447876
NVDA,2021-11-05,83.63,86.33,82.68,85.38,2544999
NVDA,2021-11-08,85.38,87.67,84.08,86.37,2642122
NVDA,2021-11-09,86.37,89.87,84.72,88.22,2739245
NVDA,2021-11-10,88.22,91.31,86.22,89.31,2836368
NVDA,2021-11-11,89.31,91.85,88.71,91.25,2933491
NVDA,2021-11-12,91.25,93.36,90.30,92.41,3030614
NVDA,2021-11-15,92.41,94.10,91.11,92.80,3127737
NVDA,2021-11-16,92.80,95.68,91.15,94.03,3224860
NVDA,2021-11-17,94.03,96.48,92.03,94.48,3321983
NVDA,2021-11-18,94.48,96.36,93.88,95.76,3419106
NVDA,2021-11-19,95.76,97.20,94.81,96.25,3516229
NVDA,2021-11-22,96.25,98.87,94.95,97.57,3613352
NVDA,2021-11-23,97.57,99.75,95.92,98.10,3710475
NVDA,2021-11-24,98.10,101.46,96.10,99.46,3807598
NVDA,2021-11-25,99.46,100.62,98.86,100.02,3904721
NVDA,2021-11-26,100.02,100.97,98.83,99.78,4001844
NVDA,2021-11-29,99.78,101.67,98.48,100.37,4098967
NVDA,2021-11-30,100.37,102.02,98.51,100.16,4196090
NVDA,2021-12-01,100.16,102.77,98.16,100.77,4293213
NVDA,2021-12-02,100.77,101.37,99.99,100.59,4390336
NVDA,2021-12-03,100.59,102.18,99.64,101.23,4487459
NVDA,2021-12-06,101.23,102.53,99.78,101.08,4584582
NVDA,2021-12-07,101.08,103.40,99.43,101.75,4681705
NVDA,2021-12-08,101.75,103.75,99.63,101.63,4778828
NVDA,2021-12-09,101.63,102.23,100.12,100.72,4875951
NVDA,2021-12-10,100.72,101.67,99.69,100.64,4973074
NVDA,2021-12-13,100.64,101.94,98.47,99.77,5070197
NVDA,2021-12-14,99.77,101.42,98.09,99.74,5167320
NVDA,2021-12-15,99.74,101.74,96.92,98.92,5264443
NVDA,2021-12-16,98.92,99.55,98.32,98.95,5361566
NVDA,2021-12-17,98.95,99.90,97.25,98.20,5458689
NVDA,2021-12-20,98.20,99.60,96.90,98.30,5555812
NVDA,2021-12-21,98.30,99.95,95.98,97.63,5652935
NVDA,2021-12-22,97.63,99.63,94.20,96.20,5750058
NVDA,2021-12-23,96.20,96.80,95.02,95.62,5847181
NVDA,2021-12-24,95.62,96.57,93.33,94.28,5944304
NVDA,2021-12-27,94.28,95.58,92.52,93.82,6041427
NVDA,2021-12-28,93.82,95.47,90.95,92.60,6138550
NVDA,2021-12-29,92.60,94.60,90.25,92.25,6235673
NVDA,2021-12-30,92.25,92.85,90.57,91.17,6332796
NVDA,2021-12-31,91.17,92.12,90.02,90.97,6429919
NVDA,2022-01-03,90.97,92.27,88.73,90.03,6527042
NVDA,2022-01-04,90.03,91.68,86.72,88.37,6624165
NVDA,2022-01-05,88.37,90.37,85.60,87.60,6721288
NVDA,2022-01-06,87.60,88.20,85.51,86.11,6818411
NVDA,2022-01-07,86.11,87.06,84.57,85.52,6915534
NVDA,2022-01-10,85.52,86.82,82.92,84.22,7012657
NVDA,2022-01-11,84.22,85.87,82.18,83.83,7109780
NVDA,2022-01-12,83.83,85.83,80.74,82.74,7206903
NVDA,2022-01-13,82.74,83.34,81.96,82.56,7304026
NVDA,2022-01-14,82.56,83.51,80.74,81.69,7401149
NVDA,2022-01-17,81.69,82.99,78.82,80.12,7498272
NVDA,2022-01-18,80.12,81.77,77.84,79.49,7595395
NVDA,2022-01-19,79.49,81.49,76.16,78.16,7692518
NVDA,2022-01-20,78.16,78.76,77.17,77.77,7789641
NVDA,2022-01-21,77.77,78.72,75.75,76.70,7886764
NVDA,2022-01-24,76.70,78.00,75.26,76.56,7983887
NVDA,2022-01-25,76.56,78.21,74.10,75.75,8081010
NVDA,2022-01-26,75.75,77.89,73.75,75.89,8178133
NVDA,2022-01-27,75.89,76.49,74.74,75.34,8275256
NVDA,2022-01-28,75.34,76.29,73.18,74.13,8372379
NVDA,2022-01-31,74.13,75.43,72.57,73.87,8469502
NVDA,2022-02-01,73.87,75.52,71.28,72.93,8566625
NVDA,2022-02-02,72.93,74.95,70.93,72.95,8663748
NVDA,2022-02-03,72.95,73.55,71.69,72.29,8760871
NVDA,2022-02-04,72.29,73.54,71.34,72.59,8857994
NVDA,2022-02-07,72.59,73.89,70.92,72.22,8955117
NVDA,2022-02-08,72.22,74.46,70.57,72.81,2052240
NVDA,2022-02-09,72.81,74.81,70.72,72.72,2149363
NVDA,2022-02-10,72.72,73.32,71.36,71.96,2246486
NVDA,2022-02-11,71.96,73.11,71.01,72.16,2343609
NVDA,2022-02-14,72.16,73.46,70.38,71.68,2440732
NVDA,2022-02-15,71.68,73.80,70.03,72.15,2537855
NVDA,2022-02-16,72.15,74.15,69.94,71.94,2634978
NVDA,2022-02-17,71.94,73.28,71.34,72.68,2732101
NVDA,2022-02-18,72.68,73.69,71.73,72.74,2829224
NVDA,2022-02-21,72.74,75.04,71.44,73.74,2926347
NVDA,2022-02-22,73.74,75.70,72.09,74.05,3023470
NVDA,2022-02-23,74.05,76.05,71.68,73.68,3120593
NVDA,2022-02-24,73.68,74.85,73.08,74.25,3217716
NVDA,2022-02-25,74.25,75.20,73.17,74.12,3314839
NVDA,2022-02-28,74.12,76.22,72.82,74.92,3411962
NVDA,2022-03-01,74.92,76.67,73.27,75.02,3509085
NVDA,2022-03-02,75.02,78.05,73.02,76.05,3606208
NVDA,2022-03-03,76.05,76.97,75.45,76.37,3703331
NVDA,2022-03-04,76.37,78.55,75.42,77.60,3800454
NVDA,2022-03-07,77.60,79.43,76.30,78.13,3897577
NVDA,2022-03-08,78.13,79.78,76.29,77.94,3994700
NVDA,2022-03-09,77.94,80.66,75.94,78.66,4091823
NVDA,2022-03-10,78.66,79.26,78.06,78.66,4188946
NVDA,2022-03-11,78.66,80.50,77.71,79.55,4286069
NVDA,2022-03-14,79.55,81.03,78.25,79.73,4383192
NVDA,2022-03-15,79.73,82.44,78.08,80.79,4480315
NVDA,2022-03-16,80.79,83.12,78.79,81.12,4577438
NVDA,2022-03-17,81.12,82.94,80.52,82.34,4674561
NVDA,2022-03-18,82.34,83.76,81.39,82.81,4771684
NVDA,2022-03-21,82.81,84.11,81.25,82.55,4868807
NVDA,2022-03-22,82.55,84.82,80.90,83.17,4965930
NVDA,2022-03-23,83.17,85.17,81.04,83.04,5063053
NVDA,2022-03-24,83.04,84.38,82.44,83.78,5160176
NVDA,2022-03-25,83.78,84.73,82.81,83.76,5257299
NVDA,2022-03-28,83.76,85.92,82.46,84.62,5354422
NVDA,2022-03-29,84.62,86.37,82.97,84.72,5451545
NVDA,2022-03-30,84.72,87.69,82.72,85.69,5548668
NVDA,2022-03-31,85.69,86.50,85.09,85.90,5645791
NVDA,2022-04-01,85.90,86.85,84.40,85.35,5742914
NVDA,2022-04-04,85.35,86.95,84.05,85.65,5840037
NVDA,2022-04-05,85.65,87.30,83.55,85.20,5937160
NVDA,2022-04-06,85.20,87.60,83.20,85.60,6034283
NVDA,2022-04-07,85.60,86.20,84.65,85.25,6131406
NVDA,2022-04-08,85.25,86.70,84.30,85.75,6228529
NVDA,2022-04-11,85.75,87.05,84.18,85.48,6325652
NVDA,2022-04-12,85.48,87.73,83.83,86.08,6422775
NVDA,2022-04-13,86.08,88.08,83.91,85.91,6519898
NVDA,2022-04-14,85.91,86.51,84.38,84.98,6617021
NVDA,2022-04-15,84.98,85.93,83.96,84.91,6714144
NVDA,2022-04-18,84.91,86.21,82.78,84.08,6811267
NVDA,2022-04-19,84.08,85.77,82.43,84.12,6908390
NVDA,2022-04-20,84.12,86.12,81.39,83.39,7005513
NVDA,2022-04-21,83.39,84.13,82.79,83.53,7102636
NVDA,2022-04-22,83.53,84.48,81.97,82.92,7199759
NVDA,2022-04-25,82.92,84.48,81.62,83.18,7296882
NVDA,2022-04-26,83.18,84.83,81.04,82.69,7394005
NVDA,2022-04-27,82.69,84.69,79.46,81.46,7491128
NVDA,2022-04-28,81.46,82.06,80.50,81.10,7588251
NVDA,2022-04-29,81.10,82.05,79.05,80.00,7685374
NVDA,2022-05-02,80.00,81.30,78.49,79.79,7782497
NVDA,2022-05-03,79.79,81.44,77.19,78.84,7879620
NVDA,2022-05-04,78.84,80.84,76.77,78.77,7976743
NVDA,2022-05-05,78.77,79.37,77.38,77.98,8073866
NVDA,2022-05-06,77.98,79.04,77.03,78.09,8170989
NVDA,2022-05-09,78.09,79.39,76.17,77.47,8268112
NVDA,2022-05-10,77.47,79.12,74.49,76.14,8365235
NVDA,2022-05-11,76.14,78.14,73.71,75.71,8462358
NVDA,2022-05-12,75.71,76.31,73.97,74.57,8559481
NVDA,2022-05-13,74.57,75.52,73.40,74.35,8656604
NVDA,2022-05-16,74.35,75.65,72.12,73.42,8753727
NVDA,2022-05-17,73.42,75.07,71.75,73.40,8850850
NVDA,2022-05-18,73.40,75.40,70.69,72.69,8947973
NVDA,2022-05-19,72.69,73.51,72.09,72.91,2045096
NVDA,2022-05-20,72.91,73.86,71.49,72.44,2142219
NVDA,2022-05-23,72.44,73.74,69.98,71.28,2239342
NVDA,2022-05-24,71.28,72.93,69.40,71.05,2336465
NVDA,2022-05-25,71.05,73.05,68.14,70.14,2433588
NVDA,2022-05-26,70.14,70.77,69.54,70.17,2530711
NVDA,2022-05-27,70.17,71.12,68.58,69.53,2627834
NVDA,2022-05-30,69.53,71.13,68.23,69.83,2724957
NVDA,2022-05-31,69.83,71.48,67.80,69.45,2822080
NVDA,2022-06-01,69.45,72.03,67.45,70.03,2919203
NVDA,2022-06-02,70.03,70.63,69.34,69.94,3016326
NVDA,2022-06-03,69.94,70.89,68.24,69.19,3113449
NVDA,2022-06-06,69.19,70.68,67.89,69.38,3210572
NVDA,2022-06-07,69.38,71.03,67.27,68.92,3307695
NVDA,2022-06-08,68.92,71.41,66.92,69.41,3404818
NVDA,2022-06-09,69.41,70.01,68.63,69.23,3501941
NVDA,2022-06-10,69.23,70.97,68.28,70.02,3599064
NVDA,2022-06-13,70.02,71.44,68.72,70.14,3696187
NVDA,2022-06-14,70.14,72.87,68.49,71.22,3793310
NVDA,2022-06-15,71.22,73.63,69.22,71.63,3890433
NVDA,2022-06-16,71.63,72.23,70.79,71.39,3987556
NVDA,2022-06-17,71.39,73.05,70.44,72.10,4084679
NVDA,2022-06-20,72.10,73.44,70.80,72.14,4181802
NVDA,2022-06-21,72.14,74.78,70.49,73.13,4278925
NVDA,2022-06-22,73.13,75.46,71.13,73.46,4376048
NVDA,2022-06-23,73.46,75.34,72.86,74.74,4473171
NVDA,2022-06-24,74.74,76.29,73.79,75.34,4570294
NVDA,2022-06-27,75.34,78.19,74.04,76.89,4667417
NVDA,2022-06-28,76.89,79.41,75.24,77.76,4764540
NVDA,2022-06-29,77.76,79.95,75.76,77.95,4861663
NVDA,2022-06-30,77.95,79.67,77.35,79.07,4958786
NVDA,2022-07-01,79.07,80.46,78.12,79.51,5055909
NVDA,2022-07-04,79.51,82.18,78.21,80.88,5153032
NVDA,2022-07-05,80.88,83.20,79.23,81.55,5250155
NVDA,2022-07-06,81.55,85.14,79.55,83.14,5347278
NVDA,2022-07-07,83.14,84.64,82.54,84.04,5444401
NVDA,2022-07-08,84.04,86.79,83.09,85.84,5541524
NVDA,2022-07-11,85.84,88.24,84.54,86.94,5638647
NVDA,2022-07-12,86.94,88.97,85.29,87.32,5735770
NVDA,2022-07-13,87.32,90.60,85.32,88.60,5832893
NVDA,2022-07-14,88.60,89.76,88.00,89.16,5930016
NVDA,2022-07-15,89.16,91.56,88.21,90.61,6027139
NVDA,2022-07-18,90.61,92.62,89.31,91.32,6124262
NVDA,2022-07-19,91.32,94.57,89.67,92.92,6221385
NVDA,2022-07-20,92.92,95.78,90.92,93.78,6318508
NVDA,2022-07-21,93.78,96.11,93.18,95.51,6415631
NVDA,2022-07-22,95.51,97.44,94.56,96.49,6512754
NVDA,2022-07-25,96.49,98.02,95.19,96.72,6609877
NVDA,2022-07-26,96.72,99.45,95.07,97.80,6707000
NVDA,2022-07-27,97.80,100.12,95.80,98.12,6804123
NVDA,2022-07-28,98.12,99.90,97.52,99.30,6901246
NVDA,2022-07-29,99.30,100.65,98.35,99.70,6998369
NVDA,2022-08-01,99.70,102.25,98.40,100.95,7095492
NVDA,2022-08-02,100.95,103.06,99.30,101.41,7192615
NVDA,2022-08-03,101.41,104.72,99.41,102.72,7289738
NVDA,2022-08-04,102.72,103.84,102.12,103.24,7386861
NVDA,2022-08-05,103.24,104.19,102.01,102.96,7483984
NVDA,2022-08-08,102.96,104.82,101.66,103.52,7581107
NVDA,2022-08-09,103.52,105.17,101.63,103.28,7678230
NVDA,2022-08-10,103.28,105.87,101.28,103.87,7775353
NVDA,2022-08-11,103.87,104.47,103.06,103.66,7872476
NVDA,2022-08-12,103.66,105.21,102.71,104.26,7969599
TSLA,2021-01-04,210.00,212.61,208.35,210.96,2412593
TSLA,2021-01-05,210.96,214.92,208.96,212.92,2509716
TSLA,2021-01-06,212.92,214.85,212.32,214.25,2606839
TSLA,2021-01-07,214.25,215.90,213.30,214.95,2703962
TSLA,2021-01-08,214.95,217.92,213.65,216.62,2801085
TSLA,2021-01-11,216.62,219.30,214.97,217.65,2898208
TSLA,2021-01-12,217.65,220.04,215.65,218.04,2995331
TSLA,2021-01-13,218.04,219.99,217.44,219.39,3092454
TSLA,2021-01-14,219.39,221.03,218.44,220.08,3189577
TSLA,2021-01-15,220.08,221.42,218.78,220.12,3286700
TSLA,2021-01-18,220.12,222.76,218.47,221.11,3383823
TSLA,2021-01-19,221.11,223.44,219.11,221.44,3480946
TSLA,2021-01-20,221.44,222.04,220.50,221.10,3578069
TSLA,2021-01-21,221.10,222.66,220.15,221.71,3675192
TSLA,2021-01-22,221.71,223.01,220.36,221.66,3772315
TSLA,2021-01-25,221.66,223.31,219.28,220.93,3869438
TSLA,2021-01-26,220.93,223.15,218.93,221.15,3966561
TSLA,2021-01-27,221.15,221.75,220.10,220.70,4063684
TSLA,2021-01-28,220.70,221.65,218.64,219.59,4160807
TSLA,2021-01-29,219.59,220.89,218.12,219.42,4257930
TSLA,2021-02-01,219.42,221.07,216.94,218.59,4355053
TSLA,2021-02-02,218.59,220.59,215.09,217.09,4452176
TSLA,2021-02-03,217.09,217.69,215.95,216.55,4549299
TSLA,2021-02-04,216.55,217.50,214.40,215.35,4646422
TSLA,2021-02-05,215.35,216.65,212.19,213.49,4743545
TSLA,2021-02-08,213.49,215.14,210.95,212.60,4840668
TSLA,2021-02-09,212.60,214.60,209.06,211.06,4937791
TSLA,2021-02-10,211.06,211.66,208.28,208.88,5034914
TSLA,2021-02-11,208.88,209.83,206.72,207.67,5132037
TSLA,2021-02-12,207.67,208.97,204.54,205.84,5229160
TSLA,2021-02-15,205.84,207.49,201.72,203.37,5326283
TSLA,2021-02-16,203.37,205.37,199.90,201.90,5423406
TSLA,2021-02-17,201.90,202.50,199.21,199.81,5520529
TSLA,2021-02-18,199.81,200.76,196.16,197.11,5617652
TSLA,2021-02-19,197.11,198.41,194.13,195.43,5714775
TSLA,2021-02-22,195.43,197.08,191.50,193.15,5811898
TSLA,2021-02-23,193.15,195.15,188.27,190.27,5909021
TSLA,2021-02-24,190.27,190.87,187.84,188.44,6006144
TSLA,2021-02-25,188.44,189.39,185.08,186.03,6103267
TSLA,2021-02-26,186.03,187.33,181.75,183.05,6200390
TSLA,2021-03-01,183.05,184.70,179.48,181.13,6297513
TSLA,2021-03-02,181.13,183.13,176.65,178.65,6394636
TSLA,2021-03-03,178.65,179.25,175.03,175.63,6491759
TSLA,2021-03-04,175.63,176.58,172.75,173.70,6588882
TSLA,2021-03-05,173.70,175.00,169.93,171.23,6686005
TSLA,2021-03-08,171.23,172.88,166.59,168.24,6783128
TSLA,2021-03-09,168.24,170.24,164.35,166.35,6880251
TSLA,2021-03-10,166.35,166.95,163.36,163.96,6977374
TSLA,2021-03-11,163.96,164.91,160.12,161.07,7074497
TSLA,2021-03-12,161.07,162.37,158.00,159.30,7171620
TSLA,2021-03-15,159.30,160.95,155.40,157.05,7268743
TSLA,2021-03-16,157.05,159.05,152.32,154.32,7365866
TSLA,2021-03-17,154.32,154.92,152.14,152.74,7462989
TSLA,2021-03-18,152.74,153.69,149.74,150.69,7560112
TSLA,2021-03-19,150.69,151.99,146.89,148.19,7657235
TSLA,2021-03-22,148.19,149.84,145.20,146.85,7754358
TSLA,2021-03-23,146.85,148.85,143.06,145.06,7851481
TSLA,2021-03-24,145.06,145.66,142.23,142.83,7948604
TSLA,2021-03-25,142.83,143.78,140.83,141.78,8045727
TSLA,2021-03-26,141.78,143.08,139.00,140.30,8142850
TSLA,2021-03-29,140.30,141.95,136.75,138.40,8239973
TSLA,2021-03-30,138.40,140.40,135.68,137.68,8337096
TSLA,2021-03-31,137.68,138.28,135.95,136.55,8434219
TSLA,2021-04-01,136.55,137.50,134.05,135.00,8531342
TSLA,2021-04-02,135.00,136.30,133.35,134.65,8628465
TSLA,2021-04-05,134.65,136.30,132.24,133.89,8725588
TSLA,2021-04-06,133.89,135.89,130.71,132.71,8822711
TSLA,2021-04-07,132.71,133.35,132.11,132.75,8919834
TSLA,2021-04-08,132.75,133.70,131.43,132.38,2016957
TSLA,2021-04-09,132.38,133.68,130.30,131.60,2114080
TSLA,2021-04-12,131.60,133.68,129.95,132.03,2211203
TSLA,2021-04-13,132.03,134.05,130.03,132.05,2308326
TSLA,2021-04-14,132.05,132.65,131.06,131.66,2405449
TSLA,2021-04-15,131.66,133.43,130.71,132.48,2502572
TSLA,2021-04-16,132.48,134.18,131.18,132.88,2599695
TSLA,2021-04-19,132.88,134.53,131.22,132.87,2696818
TSLA,2021-04-20,132.87,136.06,130.87,134.06,2793941
TSLA,2021-04-21,134.06,135.43,133.46,134.83,2891064
TSLA,2021-04-22,134.83,136.12,133.88,135.17,2988187
TSLA,2021-04-23,135.17,138.01,133.87,136.71,3085310
TSLA,2021-04-26,136.71,139.46,135.06,137.81,3182433
TSLA,2021-04-27,137.81,140.47,135.81,138.47,3279556
TSLA,2021-04-28,138.47,140.92,137.87,140.32,3376679
TSLA,2021-04-29,140.32,142.66,139.37,141.71,3473802
TSLA,2021-04-30,141.71,143.95,140.41,142.65,3570925
TSLA,2021-05-03,142.65,146.40,141.00,144.75,3668048
TSLA,2021-05-04,144.75,148.39,142.75,146.39,3765171
TSLA,2021-05-05,146.39,148.15,145.79,147.55,3862294
TSLA,2021-05-06,147.55,150.81,146.60,149.86,3959417
TSLA,2021-05-07,149.86,152.98,148.56,151.68,4056540
TSLA,2021-05-10,151.68,154.66,150.03,153.01,4153663
TSLA,2021-05-11,153.01,157.46,151.01,155.46,4250786
TSLA,2021-05-12,155.46,158.00,154.86,157.40,4347909
TSLA,2021-05-13,157.40,159.78,156.45,158.83,4445032
TSLA,2021-05-14,158.83,162.66,157.53,161.36,4542155
TSLA,2021-05-17,161.36,165.02,159.71,163.37,4639278
TSLA,2021-05-18,163.37,166.83,161.37,164.83,4736401
TSLA,2021-05-19,164.83,167.98,164.23,167.38,4833524
TSLA,2021-05-20,167.38,170.32,166.43,169.37,4930647
TSLA,2021-05-21,169.37,172.11,168.07,170.81,5027770
TSLA,2021-05-24,170.81,174.95,169.16,173.30,5124893
TSLA,2021-05-25,173.30,177.22,171.30,175.22,5222016
TSLA,2021-05-26,175.22,177.16,174.62,176.56,5319139
TSLA,2021-05-27,176.56,179.88,175.61,178.93,5416262
TSLA,2021-05-28,178.93,182.01,177.63,180.71,5513385
TSLA,2021-05-31,180.71,183.55,179.06,181.90,5610508
TSLA,2021-06-01,181.90,186.10,179.90,184.10,5707631
TSLA,2021-06-02,184.10,186.29,183.50,185.69,5804754
TSLA,2021-06-03,185.69,187.61,184.74,186.66,5901877
TSLA,2021-06-04,186.66,189.93,185.36,188.63,5999000
TSLA,2021-06-07,188.63,191.62,186.98,189.97,6096123
TSLA,2021-06-08,189.97,192.68,187.97,190.68,6193246
TSLA,2021-06-09,190.68,192.98,190.08,192.38,6290369
TSLA,2021-06-10,192.38,194.39,191.43,193.44,6387492
TSLA,2021-06-11,193.44,195.15,192.14,193.85,6484615
TSLA,2021-06-14,193.85,196.89,192.20,195.24,6581738
TSLA,2021-06-15,195.24,197.97,193.24,195.97,6678861
TSLA,2021-06-16,195.97,196.66,195.37,196.06,6775984
TSLA,2021-06-17,196.06,198.05,195.11,197.10,6873107
TSLA,2021-06-18,197.10,198.80,195.80,197.50,6970230
TSLA,2021-06-21,197.50,199.15,195.58,197.23,7067353
TSLA,2021-06-22,197.23,199.93,195.23,197.93,7164476
TSLA,2021-06-23,197.93,198.57,197.33,197.97,7261599
TSLA,2021-06-24,197.97,198.92,196.40,197.35,7358722
TSLA,2021-06-25,197.35,198.99,196.05,197.69,7455845
TSLA,2021-06-28,197.69,199.34,195.73,197.38,7552968
TSLA,2021-06-29,197.38,199.38,194.40,196.40,7650091
TSLA,2021-06-30,196.40,197.00,195.80,196.40,7747214
TSLA,2021-07-01,196.40,197.35,194.79,195.74,7844337
TSLA,2021-07-02,195.74,197.04,193.13,194.43,7941460
TSLA,2021-07-05,194.43,196.08,192.44,194.09,8038583
TSLA,2021-07-06,194.09,196.09,191.11,193.11,8135706
TSLA,2021-07-07,193.11,193.71,190.88,191.48,8232829
TSLA,2021-07-08,191.48,192.43,189.89,190.84,8329952
TSLA,2021-07-09,190.84,192.14,188.27,189.57,8427075
TSLA,2021-07-12,189.57,191.22,186.02,187.67,8524198
TSLA,2021-07-13,187.67,189.67,184.76,186.76,8621321
TSLA,2021-07-14,186.76,187.36,184.63,185.23,8718444
TSLA,2021-07-15,185.23,186.18,182.14,183.09,8815567
TSLA,2021-07-16,183.09,184.39,180.66,181.96,8912690
TSLA,2021-07-19,181.96,183.61,178.58,180.23,2009813
TSLA,2021-07-20,180.23,182.23,175.90,177.90,2106936
TSLA,2021-07-21,177.90,178.50,176.00,176.60,2204059
TSLA,2021-07-22,176.60,177.55,173.77,174.72,2301182
TSLA,2021-07-23,174.72,176.02,170.95,172.25,2398305
TSLA,2021-07-26,172.25,173.90,169.19,170.84,2495428
TSLA,2021-07-27,170.84,172.84,166.85,168.85,2592551
TSLA,2021-07-28,168.85,169.45,165.71,166.31,2689674
TSLA,2021-07-29,166.31,167.26,163.89,164.84,2786797
TSLA,2021-07-30,164.84,166.14,161.51,162.81,2883920
TSLA,2021-08-02,162.81,164.46,158.60,160.25,2981043
TSLA,2021-08-03,160.25,162.25,156.77,158.77,3078166
TSLA,2021-08-04,158.77,159.37,156.17,156.77,3175289
TSLA,2021-08-05,156.77,157.72,153.29,154.24,3272412
TSLA,2021-08-06,154.24,155.54,151.52,152.82,3369535
TSLA,2021-08-09,152.82,154.47,149.24,150.89,3466658
TSLA,2021-08-10,150.89,152.89,146.46,148.46,3563781
TSLA,2021-08-11,148.46,149.06,146.55,147.15,3660904
TSLA,2021-08-12,147.15,148.10,144.39,145.34,3758027
TSLA,2021-08-13,145.34,146.64,141.75,143.05,3855150
TSLA,2021-08-16,143.05,144.70,140.25,141.90,3952273
TSLA,2021-08-17,141.90,143.90,138.27,140.27,4049396
TSLA,2021-08-18,140.27,140.87,137.56,138.16,4146519
TSLA,2021-08-19,138.16,139.11,136.26,137.21,4243642
TSLA,2021-08-20,137.21,138.51,134.49,135.79,4340765
TSLA,2021-08-23,135.79,137.44,132.26,133.91,4437888
TSLA,2021-08-24,133.91,135.91,131.20,133.20,4535011
TSLA,2021-08-25,133.20,133.80,131.42,132.02,4632134
TSLA,2021-08-26,132.02,132.97,129.45,130.40,4729257
TSLA,2021-08-27,130.40,131.70,128.64,129.94,4826380
TSLA,2021-08-30,129.94,131.59,127.39,129.04,4923503
TSLA,2021-08-31,129.04,131.04,125.69,127.69,5020626
TSLA,2021-09-01,127.69,128.29,126.91,127.51,5117749
TSLA,2021-09-02,127.51,128.46,125.94,126.89,5214872
TSLA,2021-09-03,126.89,128.19,124.53,125.83,5311995
TSLA,2021-09-06,125.83,127.59,124.18,125.94,5409118
TSLA,2021-09-07,125.94,127.94,123.60,125.60,5506241
TSLA,2021-09-08,125.60,126.20,124.23,124.83,5603364
TSLA,2021-09-09,124.83,126.17,123.88,125.22,5700487
TSLA,2021-09-10,125.22,126.52,123.87,125.17,5797610
TSLA,2021-09-13,125.17,126.82,123.02,124.67,5894733
TSLA,2021-09-14,124.67,127.34,122.67,125.34,5991856
TSLA,2021-09-15,125.34,126.16,124.74,125.56,6088979
TSLA,2021-09-16,125.56,126.51,124.37,125.32,6186102
TSLA,2021-09-17,125.32,127.55,124.02,126.25,6283225
TSLA,2021-09-20,126.25,128.36,124.60,126.71,6380348
TSLA,2021-09-21,126.71,128.71,124.71,126.71,6477471
TSLA,2021-09-22,126.71,128.46,126.11,127.86,6574594
TSLA,2021-09-23,127.86,129.49,126.91,128.54,6671717
TSLA,2021-09-24,128.54,130.05,127.24,128.75,6768840
TSLA,2021-09-27,128.75,131.74,127.10,130.09,6865963
TSLA,2021-09-28,130.09,132.95,128.09,130.95,6963086
TSLA,2021-09-29,130.95,131.92,130.35,131.32,7060209
TSLA,2021-09-30,131.32,133.77,130.37,132.82,7157332
TSLA,2021-10-01,132.82,135.12,131.52,133.82,7254455
TSLA,2021-10-04,133.82,135.96,132.17,134.31,7351578
TSLA,2021-10-05,134.31,137.92,132.31,135.92,7448701
TSLA,2021-10-06,135.92,137.62,135.32,137.02,7545824
TSLA,2021-10-07,137.02,138.54,136.07,137.59,7642947
TSLA,2021-10-08,137.59,140.57,136.29,139.27,7740070
TSLA,2021-10-11,139.27,142.06,137.62,140.41,7837193
TSLA,2021-10-12,140.41,143.02,138.41,141.02,7934316
TSLA,2021-10-13,141.02,143.31,140.42,142.71,8031439
TSLA,2021-10-14,142.71,144.81,141.76,143.86,8128562
TSLA,2021-10-15,143.86,145.76,142.56,144.46,8225685
TSLA,2021-10-18,144.46,147.78,142.81,146.13,8322808
TSLA,2021-10-19,146.13,149.23,144.13,147.23,8419931
TSLA,2021-10-20,147.23,148.38,146.63,147.78,8517054
TSLA,2021-10-21,147.78,150.32,146.83,149.37,8614177
TSLA,2021-10-22,149.37,151.70,148.07,150.40,8711300
TSLA,2021-10-25,150.40,152.50,148.75,150.85,8808423
TSLA,2021-10-26,150.85,154.34,148.85,152.34,8905546
TSLA,2021-10-27,152.34,153.85,151.74,153.25,2002669
TSLA,2021-10-28,153.25,154.52,152.30,153.57,2099792
TSLA,2021-10-29,153.57,156.22,152.27,154.92,2196915
TSLA,2021-11-01,154.92,157.33,153.27,155.68,2294038
TSLA,2021-11-02,155.68,157.84,153.68,155.84,2391161
TSLA,2021-11-03,155.84,157.62,155.24,157.02,2488284
TSLA,2021-11-04,157.02,158.55,156.07,157.60,2585407
TSLA,2021-11-05,157.60,158.90,156.29,157.59,2682530
TSLA,2021-11-08,157.59,160.23,155.94,158.58,2779653
TSLA,2021-11-09,158.58,160.97,156.58,158.97,2876776
TSLA,2021-11-10,158.97,159.57,158.16,158.76,2973899
TSLA,2021-11-11,158.76,160.50,157.81,159.55,3071022
TSLA,2021-11-12,159.55,161.04,158.25,159.74,3168145
TSLA,2021-11-15,159.74,161.39,157.68,159.33,3265268
TSLA,2021-11-16,159.33,161.92,157.33,159.92,3362391
TSLA,2021-11-17,159.92,160.52,159.30,159.90,3459514
TSLA,2021-11-18,159.90,160.85,158.33,159.28,3556637
TSLA,2021-11-19,159.28,160.97,157.98,159.67,3653760
TSLA,2021-11-22,159.67,161.32,157.81,159.46,3750883
TSLA,2021-11-23,159.46,161.46,156.64,158.64,3848006
TSLA,2021-11-24,158.64,159.44,158.04,158.84,3945129
TSLA,2021-11-25,158.84,159.79,157.50,158.45,4042252
TSLA,2021-11-26,158.45,159.75,156.15,157.45,4139375
TSLA,2021-11-29,157.45,159.12,155.80,157.47,4236498
TSLA,2021-11-30,157.47,159.47,154.91,156.91,4333621
TSLA,2021-12-01,156.91,157.51,155.15,155.75,4430744
TSLA,2021-12-02,155.75,156.70,154.68,155.63,4527867
TSLA,2021-12-03,155.63,156.93,153.62,154.92,4624990
TSLA,2021-12-06,154.92,156.57,151.98,153.63,4722113
TSLA,2021-12-07,153.63,155.63,151.38,153.38,4819236
TSLA,2021-12-08,153.38,153.98,151.95,152.55,4916359
TSLA,2021-12-09,152.55,153.50,150.21,151.16,5013482
TSLA,2021-12-10,151.16,152.46,149.52,150.82,5110605
TSLA,2021-12-13,150.82,152.47,148.26,149.91,5207728
TSLA,2021-12-14,149.91,151.91,146.45,148.45,5304851
TSLA,2021-12-15,148.45,149.05,147.45,148.05,5401974
TSLA,2021-12-16,148.05,149.00,146.14,147.09,5499097
TSLA,2021-12-17,147.09,148.39,144.29,145.59,5596220
TSLA,2021-12-20,145.59,147.24,143.52,145.17,5693343
TSLA,2021-12-21,145.17,147.17,142.20,144.20,5790466
TSLA,2021-12-22,144.20,144.80,142.10,142.70,5887589
TSLA,2021-12-23,142.70,143.65,141.33,142.28,5984712
TSLA,2021-12-24,142.28,143.58,140.03,141.33,6081835
TSLA,2021-12-27,141.33,142.98,138.21,139.86,6178958
TSLA,2021-12-28,139.86,141.86,137.48,139.48,6276081
TSLA,2021-12-29,139.48,140.08,137.99,138.59,6373204
TSLA,2021-12-30,138.59,139.54,136.22,137.17,6470327
TSLA,2021-12-31,137.17,138.47,135.57,136.87,6567450
TSLA,2022-01-03,136.87,138.52,134.40,136.05,6664573
TSLA,2022-01-04,136.05,138.05,132.72,134.72,6761696
TSLA,2022-01-05,134.72,135.32,133.91,134.51,6858819
TSLA,2022-01-06,134.51,135.46,132.84,133.79,6955942
TSLA,2022-01-07,133.79,135.09,131.27,132.57,7053065
TSLA,2022-01-10,132.57,134.22,130.83,132.48,7150188
TSLA,2022-01-11,132.48,134.48,129.88,131.88,7247311
TSLA,2022-01-12,131.88,132.48,130.19,130.79,7344434
TSLA,2022-01-13,130.79,131.77,129.84,130.82,7441557
TSLA,2022-01-14,130.82,132.12,129.06,130.36,7538680
TSLA,2022-01-17,130.36,132.01,127.75,129.40,7635803
TSLA,2022-01-18,129.40,131.57,127.40,129.57,7732926
TSLA,2022-01-19,129.57,130.17,128.64,129.24,7830049
TSLA,2022-01-20,129.24,130.19,127.47,128.42,7927172
TSLA,2022-01-21,128.42,130.03,127.12,128.73,8024295
TSLA,2022-01-24,128.73,130.38,126.89,128.54,8121418
TSLA,2022-01-25,128.54,130.54,125.86,127.86,8218541
TSLA,2022-01-26,127.86,128.90,127.26,128.30,8315664
TSLA,2022-01-27,128.30,129.25,127.29,128.24,8412787
TSLA,2022-01-28,128.24,129.54,126.38,127.68,8509910
TSLA,2022-01-31,127.68,129.90,126.03,128.25,8607033
TSLA,2022-02-01,128.25,130.31,126.25,128.31,8704156
TSLA,2022-02-02,128.31,128.91,127.26,127.86,8801279
TSLA,2022-02-03,127.86,129.49,126.91,128.54,8898402
TSLA,2022-02-04,128.54,130.00,127.24,128.70,8995525
TSLA,2022-02-07,128.70,130.35,126.70,128.35,2092648
TSLA,2022-02-08,128.35,131.11,126.35,129.11,2189771
TSLA,2022-02-09,129.11,129.95,128.51,129.35,2286894
TSLA,2022-02-10,129.35,130.30,128.12,129.07,2384017
TSLA,2022-02-11,129.07,131.19,127.77,129.89,2481140
TSLA,2022-02-14,129.89,131.83,128.24,130.18,2578263
TSLA,2022-02-15,130.18,132.18,127.94,129.94,2675386
TSLA,2022-02-16,129.94,131.40,129.34,130.80,2772509
TSLA,2022-02-17,130.80,132.07,129.85,131.12,2869632
TSLA,2022-02-18,131.12,132.42,129.60,130.90,2966755
TSLA,2022-02-21,130.90,133.41,129.25,131.76,3063878
TSLA,2022-02-22,131.76,134.07,129.76,132.07,3161001
TSLA,2022-02-23,132.07,132.67,131.24,131.84,3258124
TSLA,2022-02-24,131.84,133.62,130.89,132.67,3355247
TSLA,2022-02-25,132.67,134.26,131.37,132.96,3452370
TSLA,2022-02-28,132.96,134.61,131.03,132.68,3549493
TSLA,2022-03-01,132.68,135.47,130.68,133.47,3646616
TSLA,2022-03-02,133.47,134.29,132.87,133.69,3743739
TSLA,2022-03-03,133.69,134.64,132.40,133.35,3840862
TSLA,2022-03-04,133.35,135.36,132.05,134.06,3937985
TSLA,2022-03-07,134.06,135.85,132.41,134.20,4035108
TSLA,2022-03-08,134.20,136.20,131.77,133.77,4132231
TSLA,2022-03-09,133.77,134.98,133.17,134.38,4229354
TSLA,2022-03-10,134.38,135.37,133.43,134.42,4326477
TSLA,2022-03-11,134.42,135.72,132.57,133.87,4423600
TSLA,2022-03-14,133.87,136.02,132.22,134.37,4520723
TSLA,2022-03-15,134.37,136.37,132.28,134.28,4617846
TSLA,2022-03-16,134.28,134.88,133.02,133.62,4714969
TSLA,2022-03-17,133.62,134.94,132.67,133.99,4812092
TSLA,2022-03-18,133.99,135.29,132.47,133.77,4909215
TSLA,2022-03-21,133.77,135.42,131.32,132.97,5006338
TSLA,2022-03-22,132.97,135.20,130.97,133.20,5103461
TSLA,2022-03-23,133.20,133.80,132.25,132.85,5200584
TSLA,2022-03-24,132.85,133.80,130.97,131.92,5297707
TSLA,2022-03-25,131.92,133.32,130.62,132.02,5394830
TSLA,2022-03-28,132.02,133.67,129.88,131.53,5491953
TSLA,2022-03-29,131.53,133.53,128.47,130.47,5589076
TSLA,2022-03-30,130.47,131.07,129.84,130.44,5686199
TSLA,2022-03-31,130.44,131.39,128.88,129.83,5783322
TSLA,2022-04-01,129.83,131.13,127.34,128.64,5880445
TSLA,2022-04-04,128.64,130.29,126.85,128.50,5977568
TSLA,2022-04-05,128.50,130.50,125.78,127.78,6074691
TSLA,2022-04-06,127.78,128.38,125.88,126.48,6171814
TSLA,2022-04-07,126.48,127.43,125.29,126.24,6268937
TSLA,2022-04-08,126.24,127.54,124.13,125.43,6366060
TSLA,2022-04-11,125.43,127.08,122.40,124.05,6463183
TSLA,2022-04-12,124.05,126.05,121.73,123.73,6560306
TSLA,2022-04-13,123.73,124.33,122.25,122.85,6657429
TSLA,2022-04-14,122.85,123.80,120.47,121.42,6754552
TSLA,2022-04-15,121.42,122.72,119.75,121.05,6851675
TSLA,2022-04-18,121.05,122.70,118.49,120.14,6948798
TSLA,2022-04-19,120.14,122.14,116.67,118.67,7045921
TSLA,2022-04-20,118.67,119.27,117.69,118.29,7143044
TSLA,2022-04-21,118.29,119.24,116.42,117.37,7240167
TSLA,2022-04-22,117.37,118.67,114.61,115.91,7337290
TSLA,2022-04-25,115.91,117.56,113.89,115.54,7434413
TSLA,2022-04-26,115.54,117.54,112.64,114.64,7531536
TSLA,2022-04-27,114.64,115.24,112.62,113.22,7628659
TSLA,2022-04-28,113.22,114.17,111.95,112.90,7725782
TSLA,2022-04-29,112.90,114.20,110.76,112.06,7822905
TSLA,2022-05-02,112.06,113.71,109.06,110.71,7920028
TSLA,2022-05-03,110.71,112.71,108.47,110.47,8017151
TSLA,2022-05-04,110.47,111.07,109.13,109.73,8114274
TSLA,2022-05-05,109.73,110.68,107.53,108.48,8211397
TSLA,2022-05-06,108.48,109.78,107.06,108.36,8308520
TSLA,2022-05-09,108.36,110.01,106.08,107.73,8405643
TSLA,2022-05-10,107.73,109.73,104.62,106.62,8502766
TSLA,2022-05-11,106.62,107.23,106.02,106.63,8599889
TSLA,2022-05-12,106.63,107.58,105.21,106.16,8697012
TSLA,2022-05-13,106.16,107.46,103.90,105.20,8794135
TSLA,2022-05-16,105.20,107.03,103.55,105.38,8891258
TSLA,2022-05-17,105.38,107.38,103.07,105.07,8988381
TSLA,2022-05-18,105.07,105.67,103.69,104.29,2085504
TSLA,2022-05-19,104.29,105.60,103.34,104.65,2182627
TSLA,2022-05-20,104.65,105.95,103.23,104.53,2279750
TSLA,2022-05-23,104.53,106.18,102.29,103.94,2376873
TSLA,2022-05-24,103.94,106.49,101.94,104.49,2473996
TSLA,2022-05-25,104.49,105.16,103.89,104.56,2571119
TSLA,2022-05-26,104.56,105.51,103.22,104.17,2668242
TSLA,2022-05-27,104.17,106.21,102.87,104.91,2765365
TSLA,2022-05-30,104.91,106.84,103.26,105.19,2862488
TSLA,2022-05-31,105.19,107.19,102.99,104.99,2959611
TSLA,2022-06-01,104.99,106.53,104.39,105.93,3056734
TSLA,2022-06-02,105.93,107.34,104.98,106.39,3153857
TSLA,2022-06-03,106.39,107.69,105.08,106.38,3250980
TSLA,2022-06-06,106.38,109.15,104.73,107.50,3348103
TSLA,2022-06-07,107.50,110.14,105.50,108.14,3445226
TSLA,2022-06-08,108.14,108.90,107.54,108.30,3542349
TSLA,2022-06-09,108.30,110.54,107.35,109.59,3639472
TSLA,2022-06-10,109.59,111.69,108.29,110.39,3736595
TSLA,2022-06-13,110.39,112.34,108.74,110.69,3833718
TSLA,2022-06-14,110.69,114.12,108.69,112.12,3930841
TSLA,2022-06-15,112.12,113.65,111.52,113.05,4027964
TSLA,2022-06-16,113.05,114.43,112.10,113.48,4125087
TSLA,2022-06-17,113.48,116.32,112.18,115.02,4222210
TSLA,2022-06-20,115.02,117.69,113.37,116.04,4319333
TSLA,2022-06-21,116.04,118.55,114.04,116.55,4416456
TSLA,2022-06-22,116.55,118.76,115.95,118.16,4513579
TSLA,2022-06-23,118.16,120.20,117.21,119.25,4610702
TSLA,2022-06-24,119.25,121.10,117.95,119.80,4707825
TSLA,2022-06-27,119.80,123.09,118.15,121.44,4804948
TSLA,2022-06-28,121.44,124.54,119.44,122.54,4902071
TSLA,2022-06-29,122.54,123.70,121.94,123.10,4999194
TSLA,2022-06-30,123.10,125.68,122.15,124.73,5096317
TSLA,2022-07-01,124.73,127.10,123.43,125.80,5193440
TSLA,2022-07-04,125.80,127.96,124.15,126.31,5290563
TSLA,2022-07-05,126.31,129.88,124.31,127.88,5387686
TSLA,2022-07-06,127.88,129.49,127.28,128.89,5484809
TSLA,2022-07-07,128.89,130.26,127.94,129.31,5581932
TSLA,2022-07-08,129.31,132.08,128.01,130.78,5679055
TSLA,2022-07-11,130.78,133.32,129.13,131.67,5776178
TSLA,2022-07-12,131.67,133.96,129.67,131.96,5873301
TSLA,2022-07-13,131.96,133.89,131.36,133.29,5970424
TSLA,2022-07-14,133.29,134.96,132.34,134.01,6067547
TSLA,2022-07-15,134.01,135.44,132.71,134.14,6164670
TSLA,2022-07-18,134.14,136.93,132.49,135.28,6261793
TSLA,2022-07-19,135.28,137.81,133.28,135.81,6358916
TSLA,2022-07-20,135.81,136.41,135.13,135.73,6456039
TSLA,2022-07-21,135.73,137.61,134.78,136.66,6553162
TSLA,2022-07-22,136.66,138.26,135.36,136.96,6650285
TSLA,2022-07-25,136.96,138.61,134.99,136.64,6747408
TSLA,2022-07-26,136.64,139.32,134.64,137.32,6844531
TSLA,2022-07-27,137.32,137.97,136.72,137.37,6941654
TSLA,2022-07-28,137.37,138.32,135.85,136.80,7038777
TSLA,2022-07-29,136.80,138.51,135.50,137.21,7135900
TSLA,2022-08-01,137.21,138.86,135.34,136.99,7233023
TSLA,2022-08-02,136.99,138.99,134.14,136.14,7330146
TSLA,2022-08-03,136.14,136.87,135.54,136.27,7427269
TSLA,2022-08-04,136.27,137.22,134.83,135.78,7524392
TSLA,2022-08-05,135.78,137.08,133.34,134.64,7621515
TSLA,2022-08-08,134.64,136.29,132.85,134.50,7718638
TSLA,2022-08-09,134.50,136.50,131.72,133.72,7815761
TSLA,2022-08-10,133.72,134.32,131.72,132.32,7912884
TSLA,2022-08-11,132.32,133.27,130.95,131.90,8010007
TSLA,2022-08-12,131.90,133.20,129.55,130.85,8107130
AMZN,2021-01-04,132.00,134.00,129.97,131.97,2550124
AMZN,2021-01-05,131.97,133.67,131.37,133.07,2647247
AMZN,2021-01-06,133.07,134.63,132.12,133.68,2744370
AMZN,2021-01-07,133.68,135.10,132.38,133.80,2841493
AMZN,2021-01-08,133.80,135.45,131.78,133.43,2938616
AMZN,2021-01-11,133.43,136.19,131.43,134.19,3035739
AMZN,2021-01-12,134.19,135.06,133.59,134.46,3132862
AMZN,2021-01-13,134.46,135.41,133.29,134.24,3229985
AMZN,2021-01-14,134.24,135.54,132.22,133.52,3327108
AMZN,2021-01-15,133.52,135.17,130.66,132.31,3424231
AMZN,2021-01-18,132.31,134.31,130.24,132.24,3521354
AMZN,2021-01-19,132.24,132.84,131.08,131.68,3618477
AMZN,2021-01-20,131.68,132.63,129.68,130.63,3715600
AMZN,2021-01-21,130.63,131.93,127.81,129.11,3812723
AMZN,2021-01-22,129.11,130.76,127.07,128.72,3909846
AMZN,2021-01-25,128.72,130.72,125.86,127.86,4006969
AMZN,2021-01-26,127.86,128.46,125.93,126.53,4104092
AMZN,2021-01-27,126.53,127.48,123.79,124.74,4201215
AMZN,2021-01-28,124.74,126.04,121.18,122.48,4298338
AMZN,2021-01-29,122.48,124.13,119.74,121.39,4395461
AMZN,2021-02-01,121.39,123.39,117.84,119.84,4492584
AMZN,2021-02-02,119.84,120.44,117.25,117.85,4589707
AMZN,2021-02-03,117.85,118.80,114.48,115.43,4686830
AMZN,2021-02-04,115.43,116.73,112.89,114.19,4783953
AMZN,2021-02-05,114.19,115.84,110.88,112.53,4881076
AMZN,2021-02-08,112.53,114.53,108.44,110.44,4978199
AMZN,2021-02-09,110.44,111.04,107.35,107.95,5075322
AMZN,2021-02-10,107.95,108.90,104.10,105.05,5172445
AMZN,2021-02-11,105.05,106.35,102.07,103.37,5269568
AMZN,2021-02-12,103.37,105.02,99.66,101.31,5366691
AMZN,2021-02-15,101.31,103.31,96.86,98.86,5463814
AMZN,2021-02-16,98.86,99.46,95.43,96.03,5560937
AMZN,2021-02-17,96.03,96.98,93.51,94.46,5658060
AMZN,2021-02-18,94.46,95.76,91.24,92.54,5755183
AMZN,2021-02-19,92.54,94.19,88.60,90.25,5852306
AMZN,2021-02-22,90.25,92.25,85.63,87.63,5949429
AMZN,2021-02-23,87.63,88.23,84.07,84.67,6046552
AMZN,2021-02-24,84.67,85.62,82.05,83.00,6143675
AMZN,2021-02-25,83.00,84.30,79.71,81.01,6240798
AMZN,2021-02-26,81.01,82.66,77.05,78.70,6337921
AMZN,2021-03-01,78.70,80.70,74.09,76.09,6435044
AMZN,2021-03-02,76.09,76.69,74.20,74.80,6532167
AMZN,2021-03-03,74.80,75.75,72.26,73.21,6629290
AMZN,2021-03-04,73.21,74.51,70.04,71.34,6726413
AMZN,2021-03-05,71.34,72.99,67.53,69.18,6823536
AMZN,2021-03-08,69.18,71.18,64.75,66.75,6920659
AMZN,2021-03-09,66.75,67.35,65.07,65.67,7017782
AMZN,2021-03-10,65.67,66.62,63.38,64.33,7114905
AMZN,2021-03-11,64.33,65.63,61.42,62.72,7212028
AMZN,2021-03-12,62.72,64.37,59.22,60.87,7309151
AMZN,2021-03-15,60.87,62.87,58.38,60.38,7406274
AMZN,2021-03-16,60.38,60.98,59.04,59.64,7503397
AMZN,2021-03-17,59.64,60.59,57.71,58.66,7600520
AMZN,2021-03-18,58.66,59.96,56.14,57.44,7697643
AMZN,2021-03-19,57.44,59.09,54.33,55.98,7794766
AMZN,2021-03-22,55.98,57.98,53.91,55.91,7891889
AMZN,2021-03-23,55.91,56.51,55.00,55.60,7989012
AMZN,2021-03-24,55.60,56.55,54.11,55.06,8086135
AMZN,2021-03-25,55.06,56.36,52.99,54.29,8183258
AMZN,2021-03-26,54.29,56.56,52.64,54.91,8280381
AMZN,2021-03-29,54.91,57.29,52.91,55.29,8377504
AMZN,2021-03-30,55.29,56.04,54.69,55.44,8474627
AMZN,2021-03-31,55.44,56.39,54.41,55.36,8571750
AMZN,2021-04-01,55.36,56.66,53.75,55.05,8668873
AMZN,2021-04-02,55.05,57.77,53.40,56.12,8765996
AMZN,2021-04-05,56.12,58.95,54.12,56.95,8863119
AMZN,2021-04-06,56.95,58.14,56.35,57.54,8960242
AMZN,2021-04-07,57.54,58.83,56.59,57.88,2057365
AMZN,2021-04-08,57.88,60.90,56.58,59.60,2154488
AMZN,2021-04-09,59.60,62.72,57.95,61.07,2251611
AMZN,2021-04-12,61.07,64.28,59.07,62.28,2348734
AMZN,2021-04-13,62.28,63.83,61.68,63.23,2445857
AMZN,2021-04-14,63.23,64.87,62.28,63.92,2542980
AMZN,2021-04-15,63.92,67.26,62.62,65.96,2640103
AMZN,2021-04-16,65.96,69.37,64.31,67.72,2737226
AMZN,2021-04-19,67.72,71.20,65.72,69.20,2834349
AMZN,2021-04-20,69.20,71.00,68.60,70.40,2931472
AMZN,2021-04-21,70.40,73.87,69.45,72.92,3028595
AMZN,2021-04-22,72.92,76.44,71.62,75.14,3125718
AMZN,2021-04-23,75.14,78.71,73.49,77.06,3222841
AMZN,2021-04-26,77.06,80.66,75.06,78.66,3319964
AMZN,2021-04-27,78.66,80.55,78.06,79.95,3417087
AMZN,2021-04-28,79.95,83.47,79.00,82.52,3514210
AMZN,2021-04-29,82.52,86.07,81.22,84.77,3611333
AMZN,2021-04-30,84.77,88.32,83.12,86.67,3708456
AMZN,2021-05-03,86.67,90.23,84.67,88.23,3805579
AMZN,2021-05-04,88.23,91.65,87.63,91.05,3902702
AMZN,2021-05-05,91.05,94.45,90.10,93.50,3999825
AMZN,2021-05-06,93.50,96.89,92.20,95.59,4096948
AMZN,2021-05-07,95.59,98.96,93.94,97.31,4194071
AMZN,2021-05-10,97.31,100.63,95.31,98.63,4291194
AMZN,2021-05-11,98.63,101.79,98.03,101.19,4388317
AMZN,2021-05-12,101.19,104.30,100.24,103.35,4485440
AMZN,2021-05-13,103.35,106.41,102.05,105.11,4582563
AMZN,2021-05-14,105.11,108.11,103.46,106.46,4679686
AMZN,2021-05-17,106.46,111.02,104.46,109.02,4776809
AMZN,2021-05-18,109.02,111.75,108.42,111.15,4873932
AMZN,2021-05-19,111.15,113.80,110.20,112.85,4971055
AMZN,2021-05-20,112.85,115.42,111.55,114.12,5068178
AMZN,2021-05-21,114.12,116.61,112.47,114.96,5165301
AMZN,2021-05-24,114.96,118.97,112.96,116.97,5262424
AMZN,2021-05-25,116.97,119.13,116.37,118.53,5359547
AMZN,2021-05-26,118.53,120.59,117.58,119.64,5456670
AMZN,2021-05-27,119.64,121.60,118.34,120.30,5553793
AMZN,2021-05-28,120.30,123.77,118.65,122.12,5650916
AMZN,2021-05-31,122.12,125.48,120.12,123.48,5748039
AMZN,2021-06-01,123.48,124.97,122.88,124.37,5845162
AMZN,2021-06-02,124.37,125.74,123.42,124.79,5942285
AMZN,2021-06-03,124.79,126.09,123.45,124.75,6039408
AMZN,2021-06-04,124.75,127.51,123.10,125.86,6136531
AMZN,2021-06-07,125.86,128.49,123.86,126.49,6233654
AMZN,2021-06-08,126.49,127.26,125.89,126.66,6330777
AMZN,2021-06-09,126.66,127.61,125.40,126.35,6427900
AMZN,2021-06-10,126.35,128.49,125.05,127.19,6525023
AMZN,2021-06-11,127.19,129.21,125.54,127.56,6622146
AMZN,2021-06-14,127.56,129.56,125.45,127.45,6719269
AMZN,2021-06-15,127.45,128.05,126.28,126.88,6816392
AMZN,2021-06-16,126.88,127.83,124.88,125.83,6913515
AMZN,2021-06-17,125.83,127.25,124.53,125.95,7010638
AMZN,2021-06-18,125.95,127.60,123.94,125.59,7107761
AMZN,2021-06-21,125.59,127.59,122.78,124.78,7204884
AMZN,2021-06-22,124.78,125.38,122.91,123.51,7302007
AMZN,2021-06-23,123.51,124.46,122.45,123.40,7399130
AMZN,2021-06-24,123.40,124.70,121.54,122.84,7496253
AMZN,2021-06-25,122.84,124.49,120.19,121.84,7593376
AMZN,2021-06-28,121.84,123.84,118.39,120.39,7690499
AMZN,2021-06-29,120.39,120.99,117.90,118.50,7787622
AMZN,2021-06-30,118.50,119.45,116.85,117.80,7884745
AMZN,2021-07-01,117.80,119.10,115.37,116.67,7981868
AMZN,2021-07-02,116.67,118.32,113.47,115.12,8078991
AMZN,2021-07-05,115.12,117.12,111.15,113.15,8176114
AMZN,2021-07-06,113.15,113.75,111.78,112.38,8273237
AMZN,2021-07-07,112.38,113.33,110.26,111.21,8370360
AMZN,2021-07-08,111.21,112.51,108.34,109.64,8467483
AMZN,2021-07-09,109.64,111.29,106.02,107.67,8564606
AMZN,2021-07-12,107.67,109.67,103.32,105.32,8661729
AMZN,2021-07-13,105.32,105.92,103.60,104.20,8758852
AMZN,2021-07-14,104.20,105.15,101.75,102.70,8855975
AMZN,2021-07-15,102.70,104.00,99.53,100.83,8953098
AMZN,2021-07-16,100.83,102.48,96.95,98.60,2050221
AMZN,2021-07-19,98.60,100.60,95.62,97.62,2147344
AMZN,2021-07-20,97.62,98.22,95.70,96.30,2244467
AMZN,2021-07-21,96.30,97.25,93.67,94.62,2341590
AMZN,2021-07-22,94.62,95.92,91.31,92.61,2438713
AMZN,2021-07-23,92.61,94.26,88.61,90.26,2535836
AMZN,2021-07-26,90.26,92.26,87.20,89.20,2632959
AMZN,2021-07-27,89.20,89.80,87.21,87.81,2730082
AMZN,2021-07-28,87.81,88.76,85.15,86.10,2827205
AMZN,2021-07-29,86.10,87.40,82.78,84.08,2924328
AMZN,2021-07-30,84.08,85.73,81.72,83.37,3021451
AMZN,2021-08-02,83.37,85.37,80.35,82.35,3118574
AMZN,2021-08-03,82.35,82.95,80.43,81.03,3215697
AMZN,2021-08-04,81.03,81.98,78.47,79.42,3312820
AMZN,2021-08-05,79.42,80.72,76.21,77.51,3409943
AMZN,2021-08-06,77.51,79.16,75.28,76.93,3507066
AMZN,2021-08-09,76.93,78.93,74.06,76.06,3604189
AMZN,2021-08-10,76.06,76.66,74.31,74.91,3701312
AMZN,2021-08-11,74.91,75.86,72.53,73.48,3798435
AMZN,2021-08-12,73.48,74.78,72.09,73.39,3895558
AMZN,2021-08-13,73.39,75.04,71.37,73.02,3992681
AMZN,2021-08-16,73.02,75.02,70.38,72.38,4089804
AMZN,2021-08-17,72.38,72.98,70.86,71.46,4186927
AMZN,2021-08-18,71.46,72.41,69.32,70.27,4284050
AMZN,2021-08-19,70.27,71.72,68.97,70.42,4381173
AMZN,2021-08-20,70.42,72.07,68.66,70.31,4478296
AMZN,2021-08-23,70.31,72.31,67.91,69.91,4575419
AMZN,2021-08-24,69.91,70.51,68.65,69.25,4672542
AMZN,2021-08-25,69.25,70.88,68.30,69.93,4769665
AMZN,2021-08-26,69.93,71.64,68.63,70.34,4866788
AMZN,2021-08-27,70.34,72.12,68.69,70.47,4963911
AMZN,2021-08-30,70.47,72.47,68.32,70.32,5061034
AMZN,2021-08-31,70.32,70.92,69.29,69.89,5158157
AMZN,2021-09-01,69.89,71.75,68.94,70.80,5255280
AMZN,2021-09-02,70.80,72.73,69.50,71.43,5352403
AMZN,2021-09-03,71.43,73.42,69.78,71.77,5449526
AMZN,2021-09-06,71.77,73.81,69.77,71.81,5546649
AMZN,2021-09-07,71.81,73.79,71.21,73.19,5643772
AMZN,2021-09-08,73.19,75.21,72.24,74.26,5740895
AMZN,2021-09-09,74.26,76.34,72.96,75.04,5838018
AMZN,2021-09-10,75.04,77.16,73.39,75.51,5935141
AMZN,2021-09-13,75.51,77.67,73.51,75.67,6032264
AMZN,2021-09-14,75.67,77.74,75.07,77.14,6129387
AMZN,2021-09-15,77.14,79.24,76.19,78.29,6226510
AMZN,2021-09-16,78.29,80.42,76.99,79.12,6323633
AMZN,2021-09-17,79.12,81.28,77.47,79.63,6420756
AMZN,2021-09-20,79.63,83.42,77.63,81.42,6517879
AMZN,2021-09-21,81.42,83.48,80.82,82.88,6615002
AMZN,2021-09-22,82.88,84.95,81.93,84.00,6712125
AMZN,2021-09-23,84.00,86.07,82.70,84.77,6809248
AMZN,2021-09-24,84.77,86.85,83.12,85.20,6906371
AMZN,2021-09-27,85.20,88.89,83.20,86.89,7003494
AMZN,2021-09-28,86.89,88.82,86.29,88.22,7100617
AMZN,2021-09-29,88.22,90.14,87.27,89.19,7197740
AMZN,2021-09-30,89.19,91.09,87.89,89.79,7294863
AMZN,2021-10-01,89.79,93.29,88.14,91.64,7391986
AMZN,2021-10-04,91.64,95.12,89.64,93.12,7489109
AMZN,2021-10-05,93.12,94.81,92.52,94.21,7586232
AMZN,2021-10-06,94.21,95.87,93.26,94.92,7683355
AMZN,2021-10-07,94.92,96.54,93.62,95.24,7780478
AMZN,2021-10-08,95.24,98.44,93.59,96.79,7877601
AMZN,2021-10-11,96.79,99.94,94.79,97.94,7974724
AMZN,2021-10-12,97.94,99.29,97.34,98.69,8071847
AMZN,2021-10-13,98.69,100.00,97.74,99.05,8168970
AMZN,2021-10-14,99.05,101.91,97.75,100.61,8266093
AMZN,2021-10-15,100.61,103.42,98.96,101.77,8363216
AMZN,2021-10-18,101.77,104.53,99.77,102.53,8460339
AMZN,2021-10-19,102.53,103.46,101.93,102.86,8557462
AMZN,2021-10-20,102.86,103.81,101.84,102.79,8654585
AMZN,2021-10-21,102.79,105.22,101.49,103.92,8751708
AMZN,2021-10-22,103.92,106.28,102.27,104.63,8848831
AMZN,2021-10-25,104.63,106.93,102.63,104.93,8945954
AMZN,2021-10-26,104.93,105.53,104.20,104.80,2043077
AMZN,2021-10-27,104.80,106.83,103.85,105.88,2140200
AMZN,2021-10-28,105.88,107.83,104.58,106.53,2237323
AMZN,2021-10-29,106.53,108.42,104.88,106.77,2334446
AMZN,2021-11-01,106.77,108.77,104.59,106.59,2431569
AMZN,2021-11-02,106.59,107.19,105.39,105.99,2528692
AMZN,2021-11-03,105.99,107.54,105.04,106.59,2625815
AMZN,2021-11-04,106.59,108.07,105.29,106.77,2722938
AMZN,2021-11-05,106.77,108.42,104.88,106.53,2820061
AMZN,2021-11-08,106.53,108.53,103.89,105.89,2917184
AMZN,2021-11-09,105.89,107.04,105.29,106.44,3014307
AMZN,2021-11-10,106.44,107.54,105.49,106.59,3111430
AMZN,2021-11-11,106.59,107.89,105.03,106.33,3208553
AMZN,2021-11-12,106.33,107.98,104.01,105.66,3305676
AMZN,2021-11-15,105.66,107.66,102.58,104.58,3402799
AMZN,2021-11-16,104.58,105.33,103.98,104.73,3499922
AMZN,2021-11-17,104.73,105.68,103.52,104.47,3597045
AMZN,2021-11-18,104.47,105.77,102.52,103.82,3694168
AMZN,2021-11-19,103.82,105.47,101.13,102.78,3791291
AMZN,2021-11-22,102.78,104.97,100.78,102.97,3888414
AMZN,2021-11-23,102.97,103.57,102.17,102.77,3985537
AMZN,2021-11-24,102.77,103.72,101.24,102.19,4082660
AMZN,2021-11-25,102.19,103.49,99.92,101.22,4179783
AMZN,2021-11-26,101.22,102.87,98.23,99.88,4276906
AMZN,2021-11-29,99.88,101.88,97.79,99.79,4374029
AMZN,2021-11-30,99.79,100.39,98.73,99.33,4471152
AMZN,2021-12-01,99.33,100.28,97.56,98.51,4568275
AMZN,2021-12-02,98.51,99.81,96.02,97.32,4665398
AMZN,2021-12-03,97.32,99.04,95.67,97.39,4762521
AMZN,2021-12-06,97.39,99.39,95.11,97.11,4859644
AMZN,2021-12-07,97.11,97.71,95.87,96.47,4956767
AMZN,2021-12-08,96.47,97.42,94.54,95.49,5053890
AMZN,2021-12-09,95.49,96.79,92.86,94.16,5151013
AMZN,2021-12-10,94.16,95.81,92.46,94.11,5248136
AMZN,2021-12-13,94.11,96.11,91.72,93.72,5345259
AMZN,2021-12-14,93.72,94.32,92.39,92.99,5442382
AMZN,2021-12-15,92.99,93.94,90.98,91.93,5539505
AMZN,2021-12-16,91.93,93.46,90.63,92.16,5636628
AMZN,2021-12-17,92.16,93.81,90.41,92.06,5733751
AMZN,2021-12-20,92.06,94.06,89.63,91.63,5830874
AMZN,2021-12-21,91.63,92.23,90.28,90.88,5927997
AMZN,2021-12-22,90.88,91.83,88.85,89.80,6025120
AMZN,2021-12-23,89.80,91.32,88.50,90.02,6122243
AMZN,2021-12-24,90.02,91.67,88.28,89.93,6219366
AMZN,2021-12-27,89.93,91.93,87.51,89.51,6316489
AMZN,2021-12-28,89.51,90.11,88.17,88.77,6413612
AMZN,2021-12-29,88.77,90.29,87.82,89.34,6510735
AMZN,2021-12-30,89.34,90.89,88.04,89.59,6607858
AMZN,2021-12-31,89.59,91.24,87.87,89.52,6704981
AMZN,2022-01-03,89.52,91.52,87.14,89.14,6802104
AMZN,2022-01-04,89.14,89.74,87.84,88.44,6899227
AMZN,2022-01-05,88.44,89.99,87.49,89.04,6996350
AMZN,2022-01-06,89.04,90.62,87.74,89.32,7093473
AMZN,2022-01-07,89.32,90.97,87.64,89.29,7190596
AMZN,2022-01-10,89.29,91.29,86.93,88.93,7287719
AMZN,2022-01-11,88.93,90.47,88.33,89.87,7384842
AMZN,2022-01-12,89.87,91.44,88.92,90.49,7481965
AMZN,2022-01-13,90.49,92.08,89.19,90.78,7579088
AMZN,2022-01-14,90.78,92.43,89.10,90.75,7676211
AMZN,2022-01-17,90.75,92.75,88.39,90.39,7773334
AMZN,2022-01-18,90.39,91.92,89.79,91.32,7870457
AMZN,2022-01-19,91.32,92.86,90.37,91.91,7967580
AMZN,2022-01-20,91.91,93.47,90.61,92.17,8064703
AMZN,2022-01-21,92.17,93.82,90.43,92.08,8161826
AMZN,2022-01-24,92.08,95.28,90.08,93.28,8258949
AMZN,2022-01-25,93.28,94.73,92.68,94.13,8356072
AMZN,2022-01-26,94.13,95.59,93.18,94.64,8453195
AMZN,2022-01-27,94.64,96.09,93.34,94.79,8550318
AMZN,2022-01-28,94.79,96.44,92.94,94.59,8647441
AMZN,2022-01-31,94.59,97.65,92.59,95.65,8744564
AMZN,2022-02-01,95.65,96.95,95.05,96.35,8841687
AMZN,2022-02-02,96.35,97.64,95.40,96.69,8938810
AMZN,2022-02-03,96.69,97.99,95.36,96.66,2035933
AMZN,2022-02-04,96.66,99.53,95.01,97.88,2133056
AMZN,2022-02-07,97.88,100.73,95.88,98.73,2230179
AMZN,2022-02-08,98.73,99.80,98.13,99.20,2327302
AMZN,2022-02-09,99.20,100.24,98.25,99.29,2424425
AMZN,2022-02-10,99.29,100.59,97.70,99.00,2521548
AMZN,2022-02-11,99.00,101.59,97.35,99.94,2618671
AMZN,2022-02-14,99.94,102.50,97.94,100.50,2715794
AMZN,2022-02-15,100.50,101.26,99.90,100.66,2812917
AMZN,2022-02-16,100.66,101.61,99.48,100.43,2910040
AMZN,2022-02-17,100.43,102.72,99.13,101.42,3007163
AMZN,2022-02-18,101.42,103.67,99.77,102.02,3104286
AMZN,2022-02-21,102.02,104.21,100.02,102.21,3201409
AMZN,2022-02-22,102.21,102.81,101.40,102.00,3298532
AMZN,2022-02-23,102.00,102.95,100.44,101.39,3395655
AMZN,2022-02-24,101.39,103.29,100.09,101.99,3492778
AMZN,2022-02-25,101.99,103.84,100.34,102.19,3589901
AMZN,2022-02-28,102.19,104.19,99.98,101.98,3687024
AMZN,2022-03-01,101.98,102.58,100.76,101.36,3784147
AMZN,2022-03-02,101.36,102.90,100.41,101.95,3881270
AMZN,2022-03-03,101.95,103.42,100.65,102.12,3978393
AMZN,2022-03-04,102.12,103.77,100.24,101.89,4075516
AMZN,2022-03-07,101.89,103.89,99.25,101.25,4172639
AMZN,2022-03-08,101.25,101.85,99.60,100.20,4269762
AMZN,2022-03-09,100.20,101.31,99.25,100.36,4366885
AMZN,2022-03-10,100.36,101.66,98.82,100.12,4464008
AMZN,2022-03-11,100.12,101.77,97.81,99.46,4561131
AMZN,2022-03-14,99.46,101.46,96.40,98.40,4658254
AMZN,2022-03-15,98.40,99.16,97.80,98.56,4755377
AMZN,2022-03-16,98.56,99.51,97.36,98.31,4852500
AMZN,2022-03-17,98.31,99.61,96.37,97.67,4949623
AMZN,2022-03-18,97.67,99.32,94.97,96.62,5046746
AMZN,2022-03-21,96.62,98.62,93.18,95.18,5143869
AMZN,2022-03-22,95.18,95.78,94.37,94.97,5240992
AMZN,2022-03-23,94.97,95.92,93.42,94.37,5338115
AMZN,2022-03-24,94.37,95.67,92.08,93.38,5435238
AMZN,2022-03-25,93.38,95.03,90.35,92.00,5532361
AMZN,2022-03-28,92.00,94.00,89.87,91.87,5629484
AMZN,2022-03-29,91.87,92.47,90.76,91.36,5726607
AMZN,2022-03-30,91.36,92.31,89.52,90.47,5823730
AMZN,2022-03-31,90.47,91.77,87.92,89.22,5920853
AMZN,2022-04-01,89.22,90.87,85.95,87.60,6017976
AMZN,2022-04-04,87.60,89.60,85.23,87.23,6115099
AMZN,2022-04-05,87.23,87.83,85.91,86.51,6212222
AMZN,2022-04-06,86.51,87.46,84.49,85.44,6309345
AMZN,2022-04-07,85.44,86.74,82.72,84.02,6406468
AMZN,2022-04-08,84.02,85.67,82.22,83.87,6503591
AMZN,2022-04-11,83.87,85.87,81.37,83.37,6600714
AMZN,2022-04-12,83.37,83.97,81.94,82.54,6697837
AMZN,2022-04-13,82.54,83.49,80.43,81.38,6794960
AMZN,2022-04-14,81.38,82.68,78.59,79.89,6892083
AMZN,2022-04-15,79.89,81.54,78.04,79.69,6989206
AMZN,2022-04-18,79.69,81.69,77.17,79.17,7086329
AMZN,2022-04-19,79.17,79.77,77.73,78.33,7183452
AMZN,2022-04-20,78.33,79.28,76.23,77.18,7280575
AMZN,2022-04-21,77.18,78.63,75.88,77.33,7377698
AMZN,2022-04-22,77.33,78.98,75.53,77.18,7474821
AMZN,2022-04-25,77.18,79.18,74.72,76.72,7571944
AMZN,2022-04-26,76.72,77.32,75.36,75.96,7669067
AMZN,2022-04-27,75.96,76.91,73.96,74.91,7766190
AMZN,2022-04-28,74.91,76.47,73.61,75.17,7863313
AMZN,2022-04-29,75.17,76.82,73.49,75.14,7960436
AMZN,2022-05-02,75.14,77.14,72.82,74.82,8057559
AMZN,2022-05-03,74.82,75.42,73.61,74.21,8154682
AMZN,2022-05-04,74.21,75.88,73.26,74.93,8251805
AMZN,2022-05-05,74.93,76.66,73.63,75.36,8348928
AMZN,2022-05-06,75.36,77.15,73.71,75.50,8446051
AMZN,2022-05-09,75.50,77.50,73.36,75.36,8543174
AMZN,2022-05-10,75.36,75.96,74.33,74.93,8640297
AMZN,2022-05-11,74.93,76.79,73.98,75.84,8737420
AMZN,2022-05-12,75.84,77.76,74.54,76.46,8834543
AMZN,2022-05-13,76.46,78.45,74.81,76.80,8931666
AMZN,2022-05-16,76.80,78.84,74.80,76.84,2028789
AMZN,2022-05-17,76.84,78.82,76.24,78.22,2125912
AMZN,2022-05-18,78.22,80.26,77.27,79.31,2223035
AMZN,2022-05-19,79.31,81.41,78.01,80.11,2320158
AMZN,2022-05-20,80.11,82.27,78.46,80.62,2417281
AMZN,2022-05-23,80.62,82.83,78.62,80.83,2514404
AMZN,2022-05-24,80.83,82.96,80.23,82.36,2611527
AMZN,2022-05-25,82.36,84.55,81.41,83.60,2708650
AMZN,2022-05-26,83.60,85.82,82.30,84.52,2805773
AMZN,2022-05-27,84.52,86.80,82.87,85.15,2902896
AMZN,2022-05-30,85.15,89.08,83.15,87.08,3000019
AMZN,2022-05-31,87.08,89.29,86.48,88.69,3097142
AMZN,2022-06-01,88.69,90.94,87.74,89.99,3194265
AMZN,2022-06-02,89.99,92.26,88.69,90.96,3291388
AMZN,2022-06-03,90.96,93.26,89.31,91.61,3388511
AMZN,2022-06-06,91.61,95.54,89.61,93.54,3485634
AMZN,2022-06-07,93.54,95.74,92.94,95.14,3582757
AMZN,2022-06-08,95.14,97.34,94.19,96.39,3679880
AMZN,2022-06-09,96.39,98.60,95.09,97.30,3777003
AMZN,2022-06-10,97.30,101.13,95.65,99.48,3874126
AMZN,2022-06-13,99.48,103.29,97.48,101.29,3971249
AMZN,2022-06-14,101.29,103.35,100.69,102.75,4068372
AMZN,2022-06-15,102.75,104.79,101.80,103.84,4165495
AMZN,2022-06-16,103.84,105.85,102.54,104.55,4262618
AMZN,2022-06-17,104.55,108.15,102.90,106.50,4359741
AMZN,2022-06-20,106.50,110.07,104.50,108.07,4456864
AMZN,2022-06-21,108.07,109.85,107.47,109.25,4553987
AMZN,2022-06-22,109.25,110.99,108.30,110.04,4651110
AMZN,2022-06-23,110.04,113.34,108.74,112.04,4748233
AMZN,2022-06-24,112.04,115.29,110.39,113.64,4845356
AMZN,2022-06-27,113.64,116.82,111.64,114.82,4942479
AMZN,2022-06-28,114.82,116.20,114.22,115.60,5039602
AMZN,2022-06-29,115.60,116.90,114.65,115.95,5136725
AMZN,2022-06-30,115.95,118.79,114.65,117.49,5233848
AMZN,2022-07-01,117.49,120.26,115.84,118.61,5330971
AMZN,2022-07-04,118.61,121.29,116.61,119.29,5428094
AMZN,2022-07-05,119.29,120.13,118.69,119.53,5525217
AMZN,2022-07-06,119.53,121.91,118.58,120.96,5622340
AMZN,2022-07-07,120.96,123.23,119.66,121.93,5719463
AMZN,2022-07-08,121.93,124.12,120.28,122.47,5816586
AMZN,2022-07-11,122.47,124.55,120.47,122.55,5913709
AMZN,2022-07-12,122.55,123.15,121.57,122.17,6010832
AMZN,2022-07-13,122.17,123.91,121.22,122.96,6107955
AMZN,2022-07-14,122.96,124.59,121.66,123.29,6205078
AMZN,2022-07-15,123.29,124.94,121.52,123.17,6302201
AMZN,2022-07-18,123.17,125.17,120.58,122.58,6399324
AMZN,2022-07-19,122.58,123.75,121.98,123.15,6496447
AMZN,2022-07-20,123.15,124.22,122.20,123.27,6593570
AMZN,2022-07-21,123.27,124.57,121.61,122.91,6690693
AMZN,2022-07-22,122.91,124.56,120.45,122.10,6787816
AMZN,2022-07-25,122.10,124.10,118.83,120.83,6884939
AMZN,2022-07-26,120.83,121.43,120.11,120.71,6982062
AMZN,2022-07-27,120.71,121.66,119.19,120.14,7079185
AMZN,2022-07-28,120.14,121.44,117.81,119.11,7176308
AMZN,2022-07-29,119.11,120.76,115.98,117.63,7273431
AMZN,2022-08-01,117.63,119.63,115.31,117.31,7370554
AMZN,2022-08-02,117.31,117.91,115.94,116.54,7467677
AMZN,2022-08-03,116.54,117.49,114.38,115.33,7564800
AMZN,2022-08-04,115.33,116.63,112.37,113.67,7661923
AMZN,2022-08-05,113.67,115.32,109.93,111.58,7759046
AMZN,2022-08-08,111.58,113.58,108.67,110.67,7856169
AMZN,2022-08-09,110.67,111.27,108.73,109.33,7953292
AMZN,2022-08-10,109.33,110.28,106.61,107.56,8050415
AMZN,2022-08-11,107.56,108.86,104.07,105.37,8147538
AMZN,2022-08-12,105.37,107.02,102.74,104.39,8244661
